### 2023 40
Districts|AD (NonCholera)|Malaria|ILI|SARI|ALRI <5 Years|B. Diarrhea|Typhoid|CL|AVH (A & E)|Dog Bite
Abbottabad|418|3|11|21|14|1|11|0|0|2
Bajaur|195|34|20|10|30|16|0|1|0|0
Bannu|736|1085|58|0|11|7|33|6|7|0
Battagram|159|340|455|0|0|0|0|0|5|4
Buner|216|310|0|0|51|0|5|0|0|1
Charsadda|796|204|171|464|44|30|41|6|15|0
Chitral Lower|312|90|79|50|69|21|6|2|9|3
Chitral Upper|103|0|7|3|13|3|20|1|1|0
D.I. Khan|843|377|8|31|19|21|0|1|0|1
Dir Lower|1147|619|1|0|156|134|23|21|42|13
Dir Upper|429|16|17|0|19|4|18|10|8|0
Hangu|267|422|145|49|33|15|19|36|4|10
Haripur|1113|56|759|0|198|7|38|0|46|0
Karak|276|253|34|0|3|0|1|39|0|32
Khyber|19|2|0|0|0|4|4|0|0|0
Kohat|69|39|2|0|2|0|0|3|0|2
Kohistan Lower|99|14|0|1|7|16|0|0|0|0
Kohistan Upper|318|7|93|52|4|5|11|0|0|0
Kolai Palas|61|11|0|4|0|4|0|0|0|0
L & C Kurram|22|8|184|0|0|16|1|0|0|0
Lakki Marwat|434|307|0|0|59|14|6|18|0|1
Malakand|507|56|0|5|30|62|25|5|23|0
Mansehra|435|3|324|52|13|1|2|0|3|0
Mardan|694|51|69|0|121|19|0|1|6|0
Mohmand|108|107|37|9|9|24|13|76|0|1
Nowshera|1742|114|7|21|2|17|13|45|3|1
Peshawar|2758|96|561|87|103|246|120|27|40|6
Shangla|179|0|0|0|0|0|13|0|2|7
SWA|136|192|86|259|159|114|44|47|40|22
Swabi|836|42|463|53|117|9|23|0|12|1
Swat|2276|44|280|0|18|51|8|0|13|24
Tank|493|475|0|0|12|0|129|7|0|0
Tor Ghar|59|179|0|0|1|15|21|8|0|22
Upper Kurram|277|24|406|453|34|196|212|0|10|12
Total|18532|5580|4277|1624|1351|1072|860|360|289|165

### 2024 8
Districts|AD (NonCholera)|ILI|Malaria|ALRI <5 Years|SARI|B. Diarrhea|Measles|Typhoid|TB|CL
Abbottabad|326|100|0|26|20|2|6|6|20|0
Bajaur|143|36|37|6|18|14|7|19|0|0
Bannu|653|6|1067|26|9|10|21|96|25|0
Battagram|86|188|12|0|0|0|0|0|0|3
Buner|245|0|117|71|0|0|0|1|2|0
Charsadda|656|930|311|302|48|31|17|18|1|0
Chitral Lower|116|63|4|65|33|8|0|8|12|12
Chitral Upper|65|8|1|20|8|0|0|8|1|0
D.I. Khan|747|0|98|41|43|20|81|0|41|2
Dir Lower|735|2|369|254|0|61|29|29|21|10
Dir Upper|179|145|2|2|0|0|9|26|11|5
Hangu|134|317|321|18|13|5|5|4|7|31
Haripur|729|92|4|88|23|9|4|30|23|0
Karak|186|84|56|30|0|0|87|7|9|41
Khyber|47|139|11|27|3|9|3|0|8|7
Kohat|42|53|9|0|7|0|0|1|0|2
Kohistan Lower|45|0|0|3|0|3|0|0|0|0
Kohistan Upper|185|18|0|6|0|4|14|1|0|0
Kolai Palas|54|0|0|0|20|0|0|0|0|0
L & C Kurram|3|70|11|0|0|1|0|1|0|0
Lakki Marwat|228|29|87|58|2|17|12|10|20|4
Malakand|241|175|9|73|38|64|26|7|4|13
Mansehra|334|412|0|46|48|6|3|42|11|0
Mardan|493|47|7|623|4|17|0|0|3|0
Mohmand|63|44|75|5|11|12|5|5|0|79
Nowshera|717|78|10|1|12|13|19|4|4|10
Orakzai|2|20|3|0|7|0|0|0|0|0
Peshawar|1728|814|10|210|119|88|57|62|32|23
SD DI Khan|0|0|0|0|0|0|0|0|0|0
SD Peshawar|0|0|0|0|0|0|0|0|0|0
SD Tank|1|0|1|0|0|1|0|0|0|0
Shangla|260|0|95|11|0|1|1|8|32|0
SWA|27|199|12|40|53|1|4|7|1|17
Swabi|740|1065|24|178|91|12|18|14|50|1
Swat|1063|261|14|32|11|16|5|0|13|0
Tank|233|99|76|13|0|2|10|23|3|7
Tor Ghar|40|0|14|3|17|11|0|4|1|4
Upper Kurram|163|455|0|13|321|26|11|3|7|0
Total|11709|5949|2867|2291|979|464|454|444|362|271

### 2024 25
Districts|AD (NonCholera)|Malaria|ILI|B.Diarrhea|ALRI <5 Years|SARI|Dog Bite|Typhoid|TB|Measles
Abbottabad|647|17|35|5|13|1|4|18|20|4
Bajaur|611|197|34|94|210|35|25|8|22|19
Bannu|626|1039|1|31|20|5|2|50|7|7
Battagram|48|0|29|0|0|0|0|0|0|0
Buner|534|254|0|0|0|0|15|19|1|0
Charsadda|706|119|181|59|41|1|7|34|0|28
Chitral Lower|444|15|24|20|9|17|17|8|7|2
Chitral Upper|129|3|4|9|4|5|0|11|1|0
D.I. Khan|831|195|0|24|9|4|4|11|28|20
Dir Lower|1204|116|0|87|97|0|12|45|5|11
Dir Upper|725|23|49|8|1|0|0|13|15|5
Hangu|2|13|0|0|0|0|0|0|0|0
Haripur|962|22|114|8|51|15|5|26|19|9
Karak|254|109|26|0|14|0|7|2|7|5
Khyber|196|132|2|45|17|10|23|15|4|1
Kohistan Lower|112|1|5|2|3|0|0|0|0|1
Kohistan Upper|262|18|11|31|30|0|0|5|0|0
Kolai Palas|50|5|0|7|1|0|0|2|0|0
L & C Kurram|26|13|28|14|4|20|0|1|0|1
Lakki Marwat|437|139|7|9|1|0|37|8|3|2
Malakand|1446|37|41|186|21|11|0|18|4|12
Mansehra|783|0|131|5|12|27|0|19|4|0
Mardan|729|23|0|16|210|0|1|0|4|0
Mohmand|101|124|24|48|7|28|3|3|0|1
NWA|27|5|0|0|0|0|0|3|0|9
Nowshera|1086|53|0|34|45|15|6|16|4|12
Orakzai|121|8|0|24|0|0|2|0|1|0
Peshawar|1937|28|428|104|27|42|46|25|20|32
SD Peshawar|0|0|0|0|0|0|0|0|0|0
SD Tank|17|21|0|3|0|0|0|0|0|0
Shangla|887|401|0|3|8|0|52|13|46|4
SWA|103|184|397|23|76|99|25|60|2|0
Swabi|1617|59|392|26|144|77|199|20|29|29
Swat|2820|41|101|129|40|81|114|23|15|3
Tank|250|380|61|3|19|0|0|50|5|10
Tor Ghar|118|83|0|25|0|8|0|3|0|0
Upper Kurram|201|25|214|71|0|325|9|7|2|2
Total|21049|3902|2339|1153|1134|826|615|536|275|229

### 2024 45
Districts|AD (NonCholera)|Malaria|ILI|B.Diarrhea|SARI|ALRI <5 Years|Typhoid|Dog Bite|TB|AVH (A&E)
Abbottabad|287|36|106|3|46|3|44|4|13|0
Bajaur|869|250|61|58|34|73|6|21|13|82
Bannu|659|1550|10|9|18|46|89|8|18|3
Battagram|58|48|330|NR|NR|NR|0|14|NR|NR
Buner|209|175|0|0|0|0|5|6|1|0
Charsadda|805|247|624|0|82|23|75|2|6|9
Chitral Lower|185|10|104|19|15|10|7|7|3|2
Chitral Upper|98|1|14|8|16|2|8|3|2|2
D.I. Khan|935|670|0|0|14|15|0|14|40|0
Dir Lower|1072|250|0|0|81|60|43|32|10|26
Dir Upper|829|10|88|0|5|2|4|0|12|3
Hangu|46|152|0|0|0|2|0|0|4|0
Haripur|544|8|142|3|27|1|5|0|12|16
Karak|233|227|130|154|15|15|5|8|6|0
Khyber|367|248|69|39|25|113|57|21|8|7
Kohat|338|222|108|95|14|18|3|7|0|1
Kohistan Lower|106|5|0|27|5|13|4|0|0|0
Kohistan Upper|351|14|8|0|9|13|10|0|18|0
Kolai Palas|61|3|10|11|3|1|1|0|0|0
L & C Kurram|32|19|38|0|0|18|4|1|0|0
Lakki Marwat|536|435|2|0|24|20|9|56|4|0
Malakand|554|47|43|21|31|69|30|0|2|40
Mansehra|347|5|201|85|6|3|14|4|1|0
Mardan|304|22|0|0|41|1|0|3|6|0
Mohmand|139|340|162|173|2|17|5|7|1|2
North Waziristan|43|15|0|14|8|27|4|0|0|0
Nowshera|1013|137|47|14|2|25|5|7|5|13
Orakzai|157|28|16|0|2|12|10|8|0|0
Peshawar|2045|101|983|133|93|125|59|2|13|7
SD Tank|10|12|3|0|0|0|0|0|0|0
Shangla|833|564|0|20|27|9|39|49|90|4
SWA|52|69|173|79|31|20|14|6|2|0
Swabi|860|90|780|51|125|9|7|100|23|31
Swat|1315|56|201|0|124|15|50|62|7|53
Tank|346|589|197|0|13|6|30|4|34|0
Tor Ghar|39|56|0|7|2|7|0|1|0|8
Upper Kurram|133|20|237|173|23|29|9|9|2|0
Total|16810|6731|4887|1196|963|822|655|466|356|309

### 2025 10
Districts|AD (NonCholera)|ILI|Malaria|ALRI < 5 years|SARI|B. Diarrhea|Dog Bite|Typhoid|CL|Measles
Abbottabad|492|115|0|16|3|60|73|28|0|2
Bajaur|390|88|132|26|85|67|79|7|25|22
Bannu|613|2|1276|19|7|24|2|74|0|42
Battagram|138|509|6|4|3|6|2|3|9|0
Buner|187|0|220|2|0|0|13|0|0|1
Charsadda|1403|1730|307|407|284|77|7|52|0|55
Chitral Lower|288|106|6|18|24|28|10|4|0|4
Chitral Upper|55|6|2|16|5|5|2|7|0|0
D.I. Khan|1255|0|88|53|0|14|19|3|2|102
Dir Lower|857|1|94|16|0|59|61|24|0|11
Dir Upper|524|100|2|17|0|1|10|0|0|3
Hangu|155|267|112|16|17|20|6|6|38|0
Haripur|564|301|0|92|30|0|18|5|0|3
Karak|344|65|46|90|54|15|53|4|156|0
Khyber|698|38|85|93|35|173|48|95|102|15
Kohat|488|15|33|6|0|28|15|9|15|3
Kohistan Lower|84|0|0|2|5|8|0|2|0|0
Kohistan Upper|201|14|3|4|2|29|2|3|1|5
Kolai Palas|74|10|0|4|1|2|0|3|0|0
L & C Kurram|4|9|0|0|0|5|0|2|0|0
Lakki Marwat|611|11|122|5|0|30|33|9|0|9
Mansehra|627|320|0|0|0|4|0|4|0|0
Mardan|112|0|3|30|0|0|45|6|0|12
Mohmand|119|189|87|6|144|21|20|2|73|7
North Waziristan|31|4|29|7|5|39|1|1|2|17
Nowshera|1236|55|37|98|13|5|15|18|2|5
Orakzai|76|13|2|1|0|3|0|0|0|0
Peshawar|2442|425|18|86|32|50|9|25|1|61
SD Tank|16|1|10|0|0|4|0|0|0|0
Shangla|256|0|129|7|0|1|20|11|0|2
South Waziristan (Lower)|9|15|3|2|1|2|0|2|0|0
SWU|18|30|23|2|8|1|0|0|0|1
Swabi|733|649|24|62|41|5|129|23|0|16
Swat|1326|121|2|89|0|26|5|8|0|6
Tank|647|133|61|32|0|5|4|1|0|3
Tor Ghar|31|0|12|5|33|19|15|2|10|0
Upper Kurram|127|288|11|13|156|43|7|10|0|0
Total|17234|5630|2985|1346|985|876|727|452|430|416

### 2025 20
Districts|AD (noncholera)|ILI|Malaria|B. Diarrhea|ALRI < 5 years|Dog Bite|SARI|Typhoid|CL|Measles
Abbottabad|1585|192|0|20|8|47|5|27|0|2
Bajaur|779|68|252|92|12|51|76|10|26|30
Bannu|428|3|777|45|11|1|0|38|0|4
Battagram|338|612|34|6|8|10|NR|NR|4|NR
Buner|383|0|303|1|0|11|0|5|0|0
Charsadda|3575|1272|381|302|375|11|7|139|3|67
Chitral Lower|896|153|11|24|14|20|15|4|12|1
Chitral Upper|235|17|2|4|8|0|20|14|0|0
D.I. Khan|2104|0|224|26|25|44|0|0|3|78
Dir Lower|2218|0|168|101|7|103|0|26|0|15
Dir Upper|1090|75|28|2|8|9|0|4|12|4
Hangu|156|72|51|12|0|0|0|2|0|0
Haripur|1872|200|7|0|36|15|8|13|0|5
Karak|875|73|184|75|54|43|21|4|274|25
Khyber|744|70|160|125|481|39|7|20|79|9
Kohat|1197|4|87|74|4|28|0|31|18|0
Kohistan Lower|102|0|1|5|0|0|0|0|1|0
Kohistan Upper|533|0|4|35|4|4|0|0|0|3
Kolai Palas|118|0|0|7|0|0|0|2|0|0
L & C Kurram|6|3|0|15|0|0|0|2|0|0
Lakki Marwat|1023|0|230|16|2|60|0|26|0|10
Malakand|1863|49|26|0|0|0|64|78|0|9
Mansehra|1351|495|2|6|0|0|19|11|0|0
Mardan|1151|80|98|38|136|81|0|9|4|14
Mohmand|228|128|170|41|6|3|116|8|59|9
North Waziristan|131|5|222|27|2|1|6|5|5|12
Nowshera|3321|4|107|18|9|70|22|41|5|10
Orakzai|164|17|24|13|0|2|0|0|0|0
Peshawar|5574|466|35|194|86|7|31|142|0|72
SD Tank|20|0|16|7|0|1|0|0|2|1
Shangla|850|0|264|7|2|26|256|7|0|5
South Waziristan (Lower)|53|172|84|0|8|6|46|9|11|3
SWU|46|64|36|2|0|0|12|0|0|1
Swabi|2097|419|49|22|42|181|14|70|0|21
Swat|4197|108|27|63|119|84|41|46|0|3
Tank|606|102|97|17|11|4|0|8|0|4
Tor Ghar|103|1|42|34|4|30|13|3|1|3
Upper Kurram|183|203|21|50|5|9|179|13|0|1
Total|42195|5127|4224|1526|1487|1001|978|817|519|421

### 2025 40
Districts|AD (NonCholera)|Malaria|ILI|B. Diarrhea|ALRI < 5 years|Dog Bite|Typhoid|Dengue|SARI|CL
Abbottabad|1035|3|180|10|53|75|11|42|6|0
Bajaur|561|341|87|156|23|70|3|12|61|12
Bannu|982|1437|3|12|7|2|89|5|6|0
Battagram|396|158|826|1|6|7|2|21|2|0
Buner|303|234|0|0|0|9|10|0|0|0
Charsadda|2188|479|1812|91|246|0|40|99|4|0
Chitral Lower|506|34|7|11|25|15|6|2|8|10
Chitral Upper|170|9|42|10|10|2|8|0|11|1
D.I. Khan|2028|1347|0|30|5|16|0|0|0|0
Dir Lower|1628|157|0|64|6|42|29|22|0|0
Dir Upper|1507|15|23|18|44|14|9|0|2|2
Hangu|280|112|173|0|0|8|11|17|0|52
Haripur|1076|10|383|4|22|13|21|40|10|0
Karak|639|273|76|21|36|29|9|2|0|141
Khyber|647|594|32|152|88|42|40|0|5|32
Kohat|787|341|2|16|10|23|15|38|0|4
Kohistan Lower|187|6|0|12|0|1|0|25|0|0
Kohistan Upper|235|48|1|8|36|0|1|0|0|0
Kolai Palas|53|0|0|3|0|0|12|0|0|0
L & C Kurram|17|1|0|5|0|1|3|0|3|0
Lakki Marwat|1002|974|2|6|0|74|14|14|0|0
Malakand|1045|96|138|0|0|0|11|0|0|2
Mansehra|788|24|283|2|0|45|6|45|0|0
Mardan|1276|384|29|66|26|6|17|32|3|6
Mohmand|117|296|42|9|0|11|6|1|90|48
North Waziristan|42|93|10|12|20|0|22|14|0|18
Nowshera|2309|739|11|37|12|16|33|11|9|18
Orakzai|82|50|7|2|0|0|0|0|0|0
Peshawar|4514|65|516|120|64|4|148|108|1|0
Shangla|1099|755|2|12|4|21|73|5|0|0
South Waziristan (Lower)|133|57|149|5|12|20|20|2|43|9
South Waziristan (Upper)|64|85|25|4|0|0|0|0|10|6
Swabi|1352|171|548|19|47|145|55|56|46|0
Swat|2647|143|396|57|102|146|46|94|0|0
Tank|659|413|49|20|5|0|0|0|0|0
Tor Ghar|87|90|0|20|5|13|6|0|32|0
Upper Kurram|146|18|89|34|4|5|12|1|38|0

### 2026 26
Districts|AD (NonCholera)|Malaria|ILI|Animal / Dog Bite|B. Diarrhea|Typhoid|ALRI < 5 years|TB|CL|SARI
Abbottabad|1119|0|28|47|10|16|20|15|0|0
Bajaur|862|268|6|109|53|0|12|13|26|24
Bannu|868|729|16|1|6|93|5|14|10|0
Battagram|390|57|400|2|0|0|0|0|0|0
Buner|332|82|0|15|0|0|0|1|0|0
Charsadda|1563|167|163|12|54|47|8|0|0|0
Chitral Lower|1047|12|13|14|41|8|14|1|4|7
Chitral Upper|160|7|16|3|4|13|5|4|0|6
D.I. Khan|1578|356|0|32|11|4|14|5|1|0
Dir Lower|2260|114|0|86|88|29|6|4|13|0
Dir Upper|1964|19|43|20|42|16|84|2|0|0
Hangu|148|66|0|2|0|1|0|0|6|0
Haripur|1337|0|26|15|0|0|7|0|0|0
Karak|598|152|5|64|37|12|38|5|95|0
Khyber|986|741|31|71|107|42|66|23|92|4
Kohat|627|109|0|31|31|10|0|0|41|0
Kohistan Lower|114|2|0|0|6|3|0|0|0|0
Kohistan Upper|221|14|0|3|7|0|1|0|0|0
Kolai Palas|87|2|2|0|2|0|0|0|0|0
L & C Kurram|4|3|2|0|2|1|0|0|0|0
Lakki Marwat|543|202|0|70|8|14|2|3|0|0
Malakand|863|69|31|23|0|0|2|3|0|6
Mansehra|1282|1|492|23|0|1|217|0|0|0
Mardan|1944|196|41|14|73|49|86|7|0|1
Mohmand|84|119|88|4|2|3|0|1|27|63
North Waziristan|80|76|3|1|6|8|6|3|1|8
Nowshera|2481|281|17|68|37|7|18|15|25|12
Orakzai|96|11|4|0|0|0|0|0|0|0
Peshawar|4814|53|189|18|112|38|12|13|0|2
Shangla|1701|489|0|132|11|35|12|50|0|0
South Waziristan (Lower)|171|139|202|28|64|12|6|15|36|142
SWU|26|8|8|0|0|0|0|0|0|0
Swabi|2185|165|404|111|32|6|21|8|0|51
Swat|4650|82|198|182|118|38|12|11|0|0
Tank|305|142|24|2|5|0|4|2|0|0
Tor Ghar|193|88|0|12|23|3|5|6|5|0
Upper Kurram|42|2|9|12|11|1|0|1|0|14
Total|37725|5023|2461|1204|1026|509|467|442|382|340

### 2023 16
Districts|AD (NonCholera)|Malaria|ILI|SARI|ALRI < 5 years|B. Diarrhea|Typhoid|Dog Bite|AWD (S. Cholera)|AVH (A & E)
Abbottabad|338|0|4|5|1|0|8|1|0|0
Bannu|217|278|80|8|1|4|9|0|0|0
Battagram|134|36|271|0|5|0|0|1|0|0
Buner|94|229|24|0|5|2|11|0|0|0
Charsadda|953|13|266|33|2|0|0|0|0|0
Chitral Lower|155|0|52|242|0|0|5|0|0|0
D.I. Khan|326|150|0|0|0|0|0|0|0|0
Dir Lower|741|287|153|90|205|97|28|15|0|64
Dir Upper|150|1|33|7|21|16|12|0|0|8
Hangu|13|4|0|0|0|3|0|1|1|0
Haripur|452|2|123|1|84|0|1|0|0|0
Karak|100|14|68|2|12|0|0|1|0|0
Khyber|5|0|0|2|0|4|4|0|0|0
Kohat|35|10|16|4|0|0|0|0|0|0
Kohistan Lower|40|0|0|48|2|16|0|0|10|0
Kohistan Upper|78|0|16|20|5|6|57|0|1|0
Kolai Palas|40|4|0|3|1|10|0|0|6|1
Lakki Marwat|364|503|0|0|25|17|19|0|0|0
Malakand|31|0|0|0|0|3|0|0|3|0
Mansehra|170|3|237|9|17|18|28|0|2|8
Mardan|17|13|31|0|0|0|0|0|0|0
Nowshera|1045|30|87|5|1|22|11|0|0|2
Peshawar|888|6|398|121|7|55|18|2|5|2
Shangla|73|93|0|0|4|1|21|7|14|5
Swabi|72|2|22|21|0|0|0|0|0|0
Swat|1354|12|70|0|7|13|28|6|1|7
Tank|241|42|51|0|0|18|3|0|0|0
Tor Ghar|113|41|0|59|14|32|27|1|0|1
Total|8239|1773|2002|680|419|337|290|35|40|101

### 2023 22
Diseases|AD (NonCholera)|Malaria|ILI|SARI|ALRI < 5 years|B. Diarrhea|Typhoid|Dog Bite|AWD (S. Cholera)|AVH (A & E)
Abbottabad|606|2|5|13|4|1|14|2|0|0
Bannu|316|718|135|0|5|11|38|0|0|0
Battagram|376|57|749|3|8|0|0|1|0|4
Buner|871|643|0|35|0|21|27|14|0|0
Charsadda|1528|16|325|29|7|0|3|0|0|0
Chitral Lower|517|5|144|749|8|0|7|15|0|1
Chitral Upper|85|2|2|214|2|0|9|1|0|0
D.I. Khan|931|292|0|6|30|8|0|21|14|0
Dir Lower|1969|498|235|144|217|118|79|15|0|102
Dir Upper|605|13|73|0|90|33|31|0|0|9
Hangu|434|411|693|187|15|30|44|3|0|15
Haripur|1306|9|375|27|149|0|40|2|0|17
Karak|446|79|156|27|13|4|8|17|2|0
Khyber|25|29|90|2|2|10|7|0|0|3
Kohat|56|18|30|2|2|0|0|3|0|0
Kohistan Lower|74|0|0|207|5|29|0|0|8|0
Kohistan Upper|388|13|99|70|5|42|71|1|15|0
Kolai Palas|83|1|0|0|1|14|0|0|0|0
Lakki Marwat|545|1121|0|0|23|21|9|0|0|0
Malakand|621|5|15|13|19|83|15|0|3|0
Mansehra|843|2|901|79|56|34|167|0|4|6
Mardan|1463|77|896|61|307|66|0|3|0|2
Nowshera|1971|50|91|9|4|37|27|1|0|9
Peshawar|3529|89|1254|35|369|189|126|2|7|16
Shangla|134|312|0|0|7|2|38|20|6|2
Swabi|2288|44|917|75|253|29|38|1|1|38
Swat|3572|65|258|0|182|47|99|30|0|9
Tank|1003|276|0|0|98|14|202|1|0|0
Tor Ghar|112|121|0|39|8|22|14|5|8|0
Total|26697|4968|7443|2026|1889|865|1113|158|65|236

### 2023 23
Districts|AD (NonCholera)|Malaria|ILI|SARI|ALRI < 5 years|B. Diarrhea|Typhoid|Dog Bite|AWD (S. Cholera)|AVH (A & E)
Abbottabad|647|2|8|14|3|0|13|2|0|0
Bannu|418|925|202|0|0|9|27|0|0|0
Battagram|309|79|636|2|10|0|1|3|0|3
Buner|756|590|0|0|0|9|14|13|0|1
Charsadda|1718|31|246|27|6|0|2|0|0|0
Chitral Lower|671|4|132|1022|3|0|3|11|0|4
Chitral Upper|77|3|0|194|1|0|12|1|0|1
D.I. Khan|1142|392|0|18|34|34|3|14|0|0
Dir Lower|2013|723|122|164|220|148|80|29|0|102
Dir Upper|713|5|61|0|85|38|36|0|0|7
Hangu|534|434|666|173|0|56|23|1|0|2
Haripur|1719|23|417|4|200|3|38|4|0|45
Karak|525|114|108|20|13|1|3|12|0|0
Khyber|15|31|133|0|1|2|0|0|0|1
Kohat|53|21|26|4|3|0|1|2|0|0
Kohistan Lower|81|2|0|255|0|44|0|2|12|0
Kohistan Upper|576|1|87|27|4|23|27|0|0|0
Kolai Palas|71|5|0|11|9|14|0|0|12|17
Lakki Marwat|599|1371|0|0|10|22|25|0|0|0
Malakand|1447|46|60|33|68|109|34|0|0|23
Mansehra|917|5|1092|72|111|35|135|0|2|6
Mardan|1855|58|763|122|428|100|0|0|0|2
Nowshera|2269|100|81|17|2|62|43|2|3|8
Peshawar|3192|46|1031|7|99|198|111|4|8|16
Shangla|704|520|0|0|4|1|26|74|3|1
Swabi|2317|50|790|152|178|23|63|1|1|43
Swat|3493|71|358|0|128|26|170|33|0|9
Tank|337|126|3|0|0|3|1|0|0|0
Tor Ghar|115|135|0|32|10|28|33|9|10|0
Total|29283|5913|7022|2370|1630|988|924|217|51|291

### 2023 24
Diseases|AD (NonCholera)|Malaria|ILI|SARI|ALRI < 5 years|B. Diarrhea|Typhoid|Dog Bite|AWD (S. Cholera)|AVH (A & E)
Abbottabad|719|3|7|11|3|1|13|2|0|0
Bannu|633|883|81|0|1|10|44|0|0|0
Buner|639|609|0|0|1|22|20|5|0|0
Charsadda|1576|50|150|22|5|0|0|0|0|0
Chitral Lower|602|6|138|813|0|0|6|18|0|2
Chitral Upper|139|2|2|228|0|0|15|0|0|1
D.I. Khan|1216|423|24|50|13|21|8|40|0|0
Dir Lower|2026|770|182|293|247|172|99|12|0|122
Dir Upper|737|8|77|0|101|45|30|0|0|13
Hangu|484|431|626|172|10|69|27|13|0|9
Haripur|1642|23|438|7|144|3|39|3|0|46
Karak|493|113|81|28|8|1|5|28|0|0
Khyber|15|34|70|0|0|8|7|0|0|0
Kohat|89|29|39|3|4|0|2|4|0|0
Kohistan Lower|108|6|0|201|3|39|0|2|3|0
Kohistan Upper|558|1|86|19|1|28|32|0|4|0
Kolai Palas|97|6|0|0|6|15|1|0|5|0
L & C Kurram|8|25|37|0|0|0|1|1|0|0
Lakki Marwat|746|1330|2|0|16|35|24|0|0|0
Malakand|1708|71|23|117|91|118|27|2|0|29
Mansehra|890|0|710|44|41|24|173|1|5|3
Mardan|1740|39|772|90|267|139|0|1|0|5
Nowshera|1966|76|60|1|0|45|26|0|0|15
Peshawar|3115|52|1064|10|86|214|117|1|2|12
Shangla|319|316|0|0|4|2|30|10|4|1
Swabi|2038|22|1159|112|239|40|46|0|0|55
Swat|3912|75|255|0|121|89|182|5|0|35
Tank|327|137|0|0|0|0|5|1|0|0
Tor Ghar|100|157|5|27|2|29|28|7|0|0
Total|28642|5697|6088|2248|1414|1169|1007|156|23|348

### 2023 25
Districts|AD (NonCholera)|Malaria|ILI|SARI|ALRI < 5 years|B. Diarrhea|Typhoid|Dog Bite|AWD (S. Cholera)|AVH (A & E)
Abbottabad|668|1|10|6|2|3|12|2|0|0
Bannu|623|1014|77|0|6|10|40|0|0|0
Battagram|292|43|513|0|0|0|1|23|0|4
Buner|614|640|0|0|0|36|16|3|0|0
Charsadda|1222|75|159|32|10|0|0|0|0|0
Chitral Lower|663|9|70|561|0|0|4|9|0|0
Chitral Upper|152|6|2|192|0|0|20|1|0|0
D.I. Khan|1034|465|26|41|19|19|22|40|0|0
Dir Lower|2058|825|171|209|228|154|88|22|0|135
Dir Upper|725|7|40|0|27|37|42|0|0|9
Hangu|293|210|409|173|9|16|20|1|0|18
Haripur|1385|47|259|25|54|10|57|0|0|52
Karak|444|94|65|16|21|1|8|13|4|0
Khyber|10|13|72|2|1|7|6|0|0|1
Kohat|62|32|26|2|1|0|0|4|8|0
Kohistan Lower|75|4|0|189|10|18|0|0|1|0
Kohistan Upper|426|0|44|51|0|28|78|0|1|0
Kolai Palas|91|3|0|10|8|16|0|0|9|0
L & C Kurram|25|20|72|0|0|2|1|2|0|0
Lakki Marwat|719|1140|0|0|20|16|25|0|0|0
Malakand|1919|92|34|21|92|132|10|1|0|13
Mansehra|1026|84|648|50|86|24|139|0|19|10
Mardan|1184|36|594|20|231|47|6|2|2|2
Nowshera|1560|39|64|9|6|44|16|0|0|7
Peshawar|2924|76|818|39|266|216|128|6|0|13
Shangla|354|386|0|4|2|1|14|10|11|0
Swabi|1931|38|958|70|210|24|51|1|0|38
Swat|4060|49|62|86|62|35|185|7|0|19
Tank|279|224|0|0|0|23|5|0|0|0
Tor Ghar|103|144|0|19|2|28|12|11|1|1
Total|26921|5816|5193|1827|1373|947|1006|158|56|322

### 2023 26
Districts|AD (NonCholera)|Malaria|ILI|SARI|ALRI < 5 years|B. Diarrhea|Typhoid|Dog Bite|AWD (S. Cholera)|AVH (A & E)
Abbottabad|442|0|7|1|0|2|10|2|0|0
Bannu|355|545|50|0|1|4|20|0|0|0
Battagram|143|23|320|0|7|0|0|5|0|0
Buner|375|286|0|0|6|18|13|0|0|2
Charsadda|790|34|136|7|5|0|0|0|0|0
Chitral Lower|446|2|43|377|2|0|9|7|0|0
Chitral Upper|25|1|0|76|0|0|2|0|0|2
D.I. Khan|654|329|21|40|5|24|0|35|0|0
Dir Lower|1427|339|72|92|98|125|59|10|0|113
Dir Upper|412|2|67|0|19|36|25|0|0|8
Hangu|253|237|309|102|4|20|15|5|0|10
Haripur|344|7|42|0|30|0|2|0|0|0
Karak|241|64|32|4|18|0|2|18|4|0
Khyber|8|16|64|3|1|6|4|0|0|0
Kohat|47|21|12|2|2|0|0|4|0|0
Kohistan Lower|76|1|0|47|0|35|0|1|0|0
Kohistan Upper|311|0|7|15|10|10|18|0|0|0
Kolai Palas|55|0|0|0|9|15|0|0|5|0
L & C Kurram|26|27|16|0|0|5|3|0|0|0
Lakki Marwat|365|539|0|0|5|14|13|0|0|0
Malakand|1213|46|27|31|45|151|29|0|15|0
Mansehra|414|0|193|35|29|13|50|0|13|2
Mardan|552|12|209|60|98|33|2|0|0|5
Nowshera|828|27|37|6|12|25|7|0|0|6
Peshawar|1114|9|283|22|23|115|19|3|0|3
Shangla|404|313|0|0|6|4|11|15|2|0
Swabi|800|13|627|17|111|10|23|0|0|7
Swat|1533|14|104|0|48|51|38|10|0|3
Tank|101|56|0|0|0|5|1|0|0|0
Tor Ghar|95|46|0|21|7|29|9|12|3|0
Total|13849|3009|2678|958|601|750|384|127|27|176

### 2023 27
Districts|AD (NonCholera)|Malaria|ILI|SARI|ALRI < 5 years|B. Diarrhea|Typhoid|Dog Bite|AWD (S. Cholera)|AVH (A & E)
Abbottabad|672|2|9|10|1|2|10|2|0|0
Bannu|596|869|140|0|5|10|40|0|0|0
Buner|705|439|0|0|0|24|28|6|0|1
Charsadda|1430|104|195|23|5|0|1|0|0|0
Chitral Lower|715|10|156|619|2|2|5|13|0|0
Chitral Upper|104|2|0|154|0|0|17|0|0|1
D.I. Khan|1054|516|24|40|6|24|8|17|0|0
Dir Lower|2112|708|240|239|177|176|100|23|0|155
Dir Upper|865|6|83|0|78|60|5|0|0|3
Hangu|457|456|418|114|10|31|15|12|4|4
Haripur|1383|45|56|10|136|5|49|2|0|83
Karak|423|166|76|12|20|0|8|23|10|0
Khyber|7|20|154|0|1|2|0|0|0|0
Kohat|83|25|28|3|2|0|2|4|0|1
Kohistan Lower|198|0|0|189|9|41|0|0|0|0
Kohistan Upper|362|0|0|11|15|16|10|0|0|0
Kolai Palas|107|0|0|14|9|18|1|0|6|0
L & C Kurram|22|30|14|0|0|0|0|0|2|0
Lakki Marwat|638|1084|0|0|7|14|34|0|0|0
Malakand|1292|83|51|76|128|176|30|2|0|43
Mansehra|880|5|514|39|27|30|75|0|24|4
Mardan|1106|260|614|139|210|117|177|219|0|22
Nowshera|2091|86|67|12|6|35|36|0|0|6
Peshawar|2685|51|711|24|55|227|115|5|20|20
Shangla|802|592|0|0|15|2|46|63|2|0
Swabi|2256|52|489|83|95|16|39|0|0|30
Swat|4349|63|344|0|5|317|82|18|0|12
Tank|232|190|0|0|0|4|3|0|0|0
Tor Ghar|145|81|0|18|1|28|4|6|4|0
Total|27771|5945|4383|1829|1025|1377|940|415|72|385

### 2023 28
Diseases|AD (NonCholera)|Malaria|ILI|SARI|ALRI < 5 years|B. Diarrhea|Typhoid|Dog Bite|AWD (S. Cholera)|AVH (A & E)
Abbottabad|719|2|6|5|1|0|13|2|0|0
Bannu|892|1111|94|25|1|15|53|2|17|3
Buner|682|485|0|0|18|18|11|3|0|0
Charsadda|1508|82|155|21|2|0|0|0|0|0
Chitral Lower|867|9|92|726|4|5|8|8|0|2
Chitral Upper|156|2|2|255|0|0|29|0|0|3
D.I. Khan|1098|512|21|39|11|24|3|8|0|0
Dir Lower|2399|931|169|234|138|232|93|17|0|110
Dir Upper|922|7|86|0|85|38|32|0|0|6
Hangu|397|441|441|155|5|33|17|14|0|10
Haripur|1406|49|273|5|196|5|57|10|0|28
Karak|359|155|41|11|17|0|12|26|6|0
Khyber|6|35|132|1|1|2|3|1|0|1
Kohat|89|44|16|2|1|0|2|2|0|0
Kohistan Lower|205|5|0|211|7|40|0|0|5|0
Kohistan Upper|384|0|36|9|35|14|37|0|0|0
Kolai Palas|86|1|0|5|2|12|5|0|7|0
L & C Kurram|24|33|11|0|0|2|1|0|0|0
Lakki Marwat|659|1003|0|0|15|8|36|0|0|0
Malakand|1316|87|26|104|67|153|51|8|0|40
Mansehra|1067|5|632|47|77|42|45|0|42|8
Mardan|1069|126|559|130|408|63|42|55|0|5
Nowshera|2278|136|53|12|3|57|23|0|0|6
Peshawar|2941|72|1234|21|77|223|127|3|3|28
Shangla|573|565|0|0|3|0|8|4|0|0
Swabi|2034|39|649|61|93|27|23|0|0|36
Swat|5657|83|397|0|126|109|174|18|0|7
Tank|478|347|0|0|52|14|92|1|9|9
Tor Ghar|124|127|0|29|9|34|23|13|5|1
Total|30395|6494|5125|2108|1454|1170|1020|195|94|303

### 2023 29
Diseases|AD (NonCholera)|Malaria|ILI|SARI|ALRI < 5 years|B. Diarrhea|Typhoid|Dog Bite|AWD (S. Cholera)|AVH (A & E)
Abbottabad|831|2|8|7|6|2|13|2|0|0
Bajaur|0|2|0|0|0|0|0|0|0|0
Bannu|714|953|97|0|4|2|33|1|0|0
Buner|675|437|0|0|6|29|14|18|0|5
Charsadda|1245|45|202|21|0|0|0|0|0|0
Chitral Lower|665|7|75|515|7|19|5|6|0|0
Chitral Upper|149|7|2|161|0|0|19|1|0|0
D.I. Khan|1010|419|19|45|9|6|0|11|0|0
Dir Lower|2334|707|107|161|176|119|49|24|1|57
Dir Upper|781|10|63|0|25|34|40|0|0|6
Hangu|416|394|468|123|8|24|13|13|0|16
Haripur|1046|35|24|7|138|0|79|11|0|27
Karak|319|152|91|15|11|2|6|15|3|0
Khyber|10|34|153|1|9|6|5|0|0|0
Kohat|57|28|2|3|0|0|0|6|0|0
Kohistan Lower|209|3|0|125|5|51|0|0|2|0
Kohistan Upper|523|5|54|17|3|41|81|1|0|0
Kolai Palas|86|4|0|23|5|8|0|0|5|0
L & C Kurram|16|9|3|0|0|3|1|0|0|0
Lakki Marwat|665|1109|0|0|23|5|40|1|0|0
Malakand|1229|78|36|24|99|102|37|0|105|74
Mansehra|801|4|494|31|64|14|9|0|25|2
Mardan|1390|110|495|93|248|41|0|68|0|38
Nowshera|2498|115|40|13|3|42|28|0|0|7
Peshawar|2965|49|714|33|91|185|91|5|0|14
Shangla|424|364|0|0|5|2|2|9|1|2
Swabi|1783|45|537|9|79|224|27|0|0|25
Swat|5291|50|333|0|43|73|198|13|0|10
Tank|322|345|0|0|37|1|88|0|0|0
Tor Ghar|110|126|0|16|28|26|16|13|0|0
Total|28564|5648|4017|1443|1132|1061|894|218|142|283

### 2023 30
Districts|AD (NonCholera)|Malaria|ILI|SARI|ALRI < 5 years|B. Diarrhea|Typhoid|Dog Bite|AWD (S. Cholera)|AVH (A & E)
Abbottabad|772|3|5|6|7|1|16|1|0|0
Bajaur|82|46|1|0|0|3|2|0|3|0
Bannu|741|1078|122|1|3|4|43|0|0|0
Buner|509|459|0|0|0|8|9|7|0|0
Charsadda|1224|74|157|33|0|0|0|0|0|0
Chitral Lower|760|9|58|412|4|0|2|0|0|3
Chitral Upper|93|5|0|114|0|0|17|0|0|0
D.I. Khan|999|351|15|36|15|19|1|5|0|0
Dir Lower|2247|588|76|2|75|128|47|8|0|3
Dir Upper|786|8|83|0|16|36|40|0|16|5
Hangu|395|384|467|117|7|36|15|2|0|10
Haripur|1183|32|374|11|115|2|57|0|0|60
Karak|341|137|25|18|15|4|10|28|15|0
Khyber|10|44|62|3|3|4|5|0|1|0
Kohat|67|35|1|1|2|0|1|3|0|0
Kohistan Lower|120|8|0|140|7|27|0|0|0|0
Kohistan Upper|530|1|42|23|1|9|16|0|2|0
Kolai Palas|91|3|0|14|4|16|0|0|3|0
L & C Kurram|9|10|12|0|0|4|3|0|0|0
Lakki Marwat|507|881|0|0|11|13|28|0|0|0
Malakand|945|79|0|52|25|165|39|0|5|48
Mansehra|1027|7|384|37|52|43|56|0|13|9
Mardan|1316|49|539|48|137|30|0|0|0|7
Nowshera|2162|108|50|14|0|33|22|0|0|11
Peshawar|2734|124|474|35|71|145|101|3|0|17
Shangla|572|465|0|0|0|6|2|18|15|0
Swabi|1592|30|370|44|82|11|21|7|0|35
Swat|4275|81|266|0|81|92|127|3|0|7
Tank|156|235|0|0|0|3|6|0|0|0
Tor Ghar|102|120|2|20|0|32|13|5|0|7
Total|26347|5454|3585|1181|733|874|699|90|73|222

### 2023 31
Diseases|AD (NonCholera)|Malaria|ILI|SARI|ALRI < 5 years|B. Diarrhea|Typhoid|Dog Bite|AWD (S. Cholera)|AVH (A & E)
Abbottabad|843|3|5|7|8|2|19|0|2|0
Bajaur|312|167|44|2|6|44|3|0|11|0
Bannu|689|889|67|0|3|6|43|0|0|0
Buner|712|568|0|0|33|14|11|28|0|0
Charsadda|1313|60|120|2|0|0|0|0|0|0
Chitral Lower|887|22|55|555|0|0|3|0|0|0
Chitral Upper|115|5|0|161|0|0|34|0|0|0
D.I. Khan|1033|598|19|70|11|7|10|5|0|0
Dir Lower|2649|789|0|0|98|153|44|14|1|59
Dir Upper|1382|5|36|0|52|55|29|0|20|4
Hangu|497|376|461|138|10|27|18|26|0|7
Haripur|1316|31|58|6|91|1|13|0|0|33
Karak|257|111|44|19|10|0|9|25|2|0
Khyber|10|68|95|2|1|6|5|0|1|3
Kohat|75|41|3|1|2|0|1|3|0|0
Kohistan Lower|200|2|0|286|3|48|0|0|0|0
Kohistan Upper|551|0|45|26|3|12|65|0|0|0
Kolai Palas|96|0|0|5|0|1|0|0|0|0
L & C Kurram|47|30|55|0|0|10|6|0|0|0
Lakki Marwat|558|1327|0|0|22|9|27|0|0|0
Malakand|969|8|13|89|5|25|18|0|0|0
Mansehra|996|90|433|76|45|46|25|2|5|13
Mardan|1666|19|666|80|76|35|0|0|4|20
Nowshera|2952|142|30|26|4|37|26|0|0|17
Peshawar|3169|135|1128|44|84|136|116|5|1|30
Shangla|650|446|0|22|11|0|48|74|16|3
Swabi|1524|37|495|8|139|17|23|2|0|30
Swat|5914|76|196|0|70|101|123|7|0|12
Tank|573|545|0|0|64|0|58|0|0|0
Tor Ghar|152|144|0|25|6|49|12|0|0|0
Total|32107|6734|4055|1561|865|905|776|191|88|249

### 2023 32
Districts|AD (NonCholera)|Malaria|ILI|B. Diarrhea|SARI|ALRI < 5 years|Typhoid|CL|VH (B, C & D)|AVH (A & E)
Abbottabad|928|3|7|2|6|10|11|0|1|0
Bajaur|407|170|39|35|2|8|3|1|0|0
Bannu|560|727|25|4|0|1|51|1|1|0
Buner|763|751|0|8|0|35|8|1|0|0
Charsadda|1378|64|179|0|22|5|0|0|0|0
Chitral Lower|777|13|137|0|419|3|10|21|0|3
Chitral Upper|106|10|0|0|117|0|19|0|0|0
D.I. Khan|1024|572|16|20|51|11|8|0|0|0
Dir Lower|2889|607|18|158|0|134|55|23|0|52
Dir Upper|1424|11|10|71|0|25|17|8|0|8
Hangu|415|397|59|12|53|8|16|29|0|10
Haripur|1684|87|265|2|12|134|70|0|21|26
Karak|288|172|35|1|20|5|2|67|0|0
Khyber|15|52|98|10|1|0|9|6|3|5
Kohat|74|51|1|0|0|2|0|5|0|0
Kohistan Lower|220|6|0|20|23|19|2|0|0|0
Kohistan Upper|555|2|26|19|3|3|98|0|0|0
Kolai Palas|146|1|0|7|2|2|1|0|0|0
L & C Kurram|25|22|37|22|0|0|3|0|0|0
Lakki Marwat|655|1609|0|14|0|19|18|12|0|0
Malakand|732|26|1|133|1|24|8|0|0|20
Mansehra|1004|9|487|42|204|34|29|0|8|10
Mardan|1179|55|70|29|0|43|0|4|0|3
Nowshera|2980|211|19|36|26|0|25|25|7|14
Peshawar|2171|37|756|690|28|75|146|16|135|14
Shangla|589|392|0|0|0|8|14|0|2|0
Swabi|1750|72|585|27|53|126|39|0|17|23
Swat|221|0|12|0|0|0|1|0|0|0
Tank|336|459|0|3|0|103|89|10|0|0
Tor Ghar|155|132|5|51|15|0|19|13|0|4
Upper Kurram|8|56|2|4|8|24|9|0|0|0
Total|25458|6776|2889|1420|1066|861|780|242|195|192

### 2023 33
Districts|AD (NonCholera)|Malaria|ILI|Sari|Typhoid|B. Diarrhea|ALRI <5 Years|AVH (A & E)|VH (B, C & D)|CL
Abbottabad|741|2|6|9|18|5|9|0|1|0
Bajaur|330|183|29|1|3|39|8|0|0|3
Bannu|683|1239|53|8|26|4|0|0|2|0
Buner|781|840|0|0|20|1|0|0|0|0
Charsadda|1436|114|149|18|0|0|2|0|0|0
Chitral Lower|837|30|149|591|6|0|3|14|0|9
Chitral Upper|111|18|0|168|13|0|0|1|0|0
D.I. Khan|1116|1010|19|39|4|18|15|0|0|2
Dir Lower|2410|812|0|2|40|175|172|48|2|2
Dir Upper|1600|7|6|0|2|34|24|2|0|5
Hangu|332|595|146|66|25|15|7|0|4|34
Haripur|1276|78|287|20|85|3|95|63|21|0
Karak|367|309|35|27|13|4|4|0|0|106
Khyber|5|1|0|3|5|5|0|0|0|0
Kohat|82|44|1|2|1|0|6|0|0|5
Kohistan Lower|122|1|0|218|0|39|4|0|0|2
Kohistan Upper|509|19|42|94|37|15|6|0|0|0
Kolai Palas|138|10|0|30|8|30|11|0|0|0
L & C Kurram|41|20|111|0|4|9|2|0|0|0
Lakki Marwat|684|1649|0|0|25|16|18|0|0|8
Malakand|1018|30|0|20|9|135|53|28|2|18
Mansehra|1001|6|591|28|19|45|39|10|7|1
Mardan|1416|67|103|7|0|25|5|9|8|0
Nowshera|2542|184|3|30|36|30|3|4|22|46
Peshawar|3806|95|560|60|142|140|106|36|57|10
Shangla|2179|515|0|0|34|7|9|2|95|0
Swabi|1661|67|373|43|34|31|108|21|1|0
Swat|5257|82|222|0|75|64|87|16|8|0
Tank|448|611|0|0|54|3|87|0|0|3
Tor Ghar|109|143|0|23|11|35|0|1|0|1
Upper Kurram|420|113|812|680|474|242|69|111|50|0
Total|33458|8894|3697|2187|1223|1169|952|366|280|255

### 2023 34
Districts|AD (NonCholera)|Malaria|ILI|SARI|Typhoid|B. Diarrhea|ALRI < 5 years|AVH (A & E)|CL|AWD (S. Cholera)
Abbottabad|786|3|20|11|16|4|12|0|0|0
Bajaur|316|166|25|0|0|27|6|0|1|8
Bannu|729|1350|50|2|40|1|1|0|2|0
Buner|771|604|0|0|27|1|38|1|0|0
Charsadda|1417|45|197|8|5|0|11|0|0|0
Chitral Lower|704|40|135|444|42|0|10|3|13|0
Chitral Upper|125|5|0|151|6|0|0|1|0|0
D.I. Khan|1012|930|18|53|0|22|18|0|0|0
Dir Lower|2466|843|2|2|53|205|155|42|12|0
Dir Upper|1890|8|4|0|45|51|18|6|4|142
Hangu|457|649|195|65|17|26|5|4|35|0
Haripur|1373|86|378|10|55|6|155|29|0|1
Karak|375|317|61|7|2|0|7|0|91|2
Khyber|20|154|48|2|4|10|2|0|15|0
Kohat|72|51|0|1|1|0|3|0|3|0
Kohistan Lower|206|3|0|1|0|24|13|0|0|1
Kohistan Upper|498|3|41|44|43|17|2|0|0|0
Kolai Palas|129|4|0|1|0|12|3|0|1|16
L & C Kurram|31|36|20|0|1|16|1|0|1|6
Lakki Marwat|758|1911|0|0|25|16|16|0|9|0
Malakand|678|17|0|14|8|99|22|24|0|0
Mansehra|1050|26|628|37|55|27|56|16|0|0
Mardan|1254|82|123|0|0|32|308|19|1|0
Nowshera|2633|229|77|49|18|23|2|0|46|0
Peshawar|3739|81|529|48|168|188|45|24|23|7
Shangla|364|375|0|0|17|5|5|2|0|0
SWA|0|0|0|5|0|0|0|0|0|0
Swabi|1341|108|436|6|30|22|85|19|0|0
Swat|7675|132|380|0|259|185|62|12|0|0
Tank|280|417|0|0|0|2|0|0|0|0
Tor Ghar|138|176|0|31|15|17|1|0|15|0
Upper Kurram|331|104|581|541|384|295|39|76|0|46
Total|33618|8955|3948|1533|1336|1333|1101|278|272|229

### 2023 35
Districts|AD (Non-Cholera)|Malaria|ILI|SARI|ALRI <5 Years|Typhoid|B. Diarrhea|AVH (A & E)|CL|Chickenpox/Varicella
Abbottabad|653|3|11|11|13|18|3|0|0|1
Bajaur|327|201|51|5|15|0|42|0|12|1
Bannu|622|1366|63|0|3|23|5|4|3|19
Buner|581|606|0|0|47|25|13|0|0|3
Charsadda|1456|57|183|13|2|2|0|0|0|0
Chitral Lower|589|19|103|367|4|28|0|5|1|1
Chitral Upper|92|6|2|131|0|19|1|0|0|45
D.I. Khan|1078|588|20|36|16|5|14|0|1|1
Dir Lower|2144|781|10|0|207|66|152|36|5|13
Dir Upper|1281|13|18|0|29|20|39|7|5|1
Hangu|315|701|103|42|5|20|19|4|29|0
Haripur|1368|84|447|4|208|83|10|71|0|6
Karak|385|280|32|19|5|1|1|0|81|0
Khyber|7|3|0|1|0|4|3|0|0|1
Kohat|76|35|0|1|2|1|0|0|7|0
Kohistan Lower|215|4|0|197|10|0|8|0|0|0
Kohistan Upper|515|0|18|2|6|56|14|0|0|0
Kolai Palas|106|1|0|7|4|0|10|0|0|0
L & C Kurram|49|37|117|0|0|8|13|0|0|7
Lakki Marwat|646|1719|0|0|15|17|14|0|9|0
Malakand|593|20|30|13|20|21|90|24|7|2
Mansehra|367|12|327|43|38|10|4|4|1|0
Mardan|873|127|132|5|244|0|21|9|0|5
NWA|NR|NR|0|0|5|NR|NR|NR|NR|6
Nowshera|2067|177|3|28|2|21|32|4|47|3
Peshawar|3878|115|519|55|124|231|173|32|14|23
Shangla|321|427|0|0|3|14|1|0|0|0
SWA|10|52|1|62|16|10|34|2|11|2
Swabi|1641|64|455|41|122|32|30|30|0|5
Swat|4520|49|176|0|108|5|111|14|0|2
Tank|341|582|0|0|68|36|13|0|9|0
Tor Ghar|100|151|0|14|3|18|35|0|11|3
Upper Kurram|238|37|425|412|27|284|23|42|0|4
Total|27454|8317|3246|1509|1371|1078|928|288|253|154

### 2023 36
Districts|AD (NonCholera)|Malaria|ILI|SARI|B. Diarrhea|Typhoid|ALRI <5 Years|Measles|Chickenpox/Varicella|AVH (A & E)
Abbottabad|598|4|18|12|2|17|4|1|2|0
Bajaur|386|194|55|3|62|1|9|1|0|0
Bannu|777|1309|37|0|5|42|0|3|4|3
Buner|540|418|0|0|6|10|47|0|4|0
Charsadda|1519|157|309|32|0|0|3|0|0|0
Chitral Lower|446|19|119|461|16|17|8|5|153|6
Chitral Upper|98|7|0|173|0|15|0|0|182|0
D.I. Khan|939|524|21|34|19|2|14|9|1|0
Dir Lower|2175|935|5|0|190|73|141|10|12|45
Dir Upper|1508|18|26|2|45|18|58|4|0|7
Hangu|274|681|239|33|46|25|3|0|0|7
Haripur|1297|123|683|0|11|81|180|1|8|74
Karak|321|274|66|20|2|8|6|8|0|0
Khyber|12|138|15|0|5|0|0|0|0|3
Kohat|74|45|0|0|0|1|1|4|0|0
Kohistan Lower|109|4|0|214|20|0|0|2|0|0
Kohistan Upper|355|1|62|19|14|31|1|4|0|0
Kolai Palas|140|4|0|0|13|0|8|0|0|0
L & C Kurram|68|59|164|0|11|6|0|2|0|0
Lakki Marwat|648|361|0|0|10|10|20|2|0|0
Malakand|740|36|33|16|89|26|29|22|6|26
Mansehra|516|2|328|53|14|15|20|5|3|0
Mardan|1276|41|115|0|42|0|98|3|9|39
Mohmand|NR|NR|NR|NR|NR|NR|NR|50|NR|NR
Nowshera|1877|209|5|18|37|31|5|8|1|7
Peshawar|3866|173|827|33|175|181|67|35|12|25
Shangla|884|366|0|0|0|34|2|10|0|0
SWA|198|178|57|78|75|49|79|248|3|26
Swabi|1615|91|682|9|28|32|82|13|23|25
Swat|4448|76|212|0|137|2|117|2|6|75
Tank|479|489|0|0|6|71|29|0|0|0
Tor Ghar|110|204|0|22|22|21|0|0|0|1
Upper Kurram|251|48|507|382|37|318|47|12|5|38
Total|28544|7188|4585|1614|1139|1137|1078|464|434|407

### 2023 37
Districts|AD (NonCholera)|Malaria|ILI|Typhoid|SARI|ALRI <5 Years|B. Diarrhea|CL|VH (B, C & D)|AVH (A & E)
Abbottaba|538|3|16|11|15|11|2|0|2|0
Bajaur|282|100|103|0|3|15|29|7|1|0
Bannu|733|1185|54|55|15|2|6|4|0|3
Battagram|277|100|615|0|1|0|0|0|0|5
Buner|477|533|0|25|0|48|3|0|0|0
Charsadda|1072|67|193|0|10|29|0|0|0|0
Chitral Lower|316|5|140|2|326|0|9|8|0|0
Chitral Upper|74|0|0|10|64|0|0|0|0|1
D.I. Khan|965|460|22|2|42|7|31|4|0|0
Dir Lower|2144|909|0|74|0|105|233|10|2|52
Dir Upper|1044|30|6|28|0|45|54|0|0|6
Hangu|281|563|94|25|31|7|31|28|4|4
Haripur|1502|111|322|61|2|212|5|0|26|50
Karak|305|283|20|4|15|5|3|82|0|0
Khyber|5|2|0|4|1|0|5|0|0|0
Kohat|66|34|0|1|1|1|0|5|0|0
Kohistan Lower|166|1|0|0|10|12|31|0|0|0
Kohistan Upper|389|1|65|59|2|0|12|0|0|0
Kolai Palas|75|2|12|0|11|3|5|0|0|0
L & C Kurram|32|38|93|4|0|0|13|1|1|0
Lakki Marwat|633|300|0|11|0|30|18|14|0|0
Malakand|571|27|0|29|12|16|75|8|3|17
Mansehra|646|6|657|11|45|49|14|0|0|4
Mardan|571|168|0|0|0|137|18|4|7|0
Mohmand|49|24|25|2|12|17|3|5|0|0
Nowshera|2278|172|3|21|40|3|31|38|11|6
Peshawar|3048|131|770|216|62|123|171|14|23|20
Shangla|1044|344|0|49|0|10|1|0|106|0
SWA|233|219|58|65|103|58|60|37|46|25
Swabi|1237|64|374|12|11|149|17|0|5|10
Swat|4056|68|206|4|0|20|107|1|2|17
Tank|516|634|0|144|0|29|6|7|0|0
Tor Ghar|93|158|0|37|6|0|26|10|0|0
Upper Kurram|305|52|524|301|346|35|155|1|12|20
Total|26023|6794|4372|1267|1186|1178|1174|288|251|240

### 2023 38
Districts|AD (NonCholera)|Malaria|ILI|Typhoid|B. Diarrhea|ALRI <5 Years|SARI|CL|Dog Bite|AVH (A & E)
Abbottabad|548|3|18|13|1|11|14|0|2|0
Bajaur|193|79|56|1|30|9|2|3|0|0
Bannu|708|1215|69|38|6|1|0|6|0|2
Battagram|125|117|337|0|0|0|0|32|9|1
Buner|609|525|0|19|0|49|0|0|6|0
Charsadda|958|76|174|0|0|5|14|0|0|0
Chitral Lower|308|38|81|26|23|13|28|12|1|10
Chitral Upper|114|3|15|18|13|23|53|0|1|4
D.I. Khan|1031|646|12|2|28|10|46|7|6|0
Dir Lower|1860|599|2|60|167|144|0|14|3|32
Dir Upper|541|30|1|14|38|26|0|5|0|4
Hangu|161|456|57|24|23|6|65|19|3|8
Haripur|1106|71|402|53|5|129|11|0|0|38
Karak|307|286|62|6|1|8|25|55|26|0
Khyber|5|0|0|4|5|0|2|0|0|0
Kohat|67|46|0|0|0|0|0|7|5|0
Kohistan Lower|106|3|0|0|29|7|0|1|0|0
Kohistan Upper|220|0|87|41|15|0|16|0|0|0
Kolai Palas|81|1|0|0|8|2|2|0|0|0
L & C Kurram|18|54|154|6|10|0|0|0|0|0
Lakki Marwat|586|373|0|13|10|60|0|7|0|0
Malakand|726|64|0|30|87|22|14|9|0|32
Mansehra|471|20|758|12|11|61|16|0|166|2
Mardan|739|194|0|0|25|137|0|5|0|14
Mohmand|109|110|32|35|39|19|19|54|8|13
Nowshera|2061|174|3|28|24|1|22|34|0|2
Peshawar|3264|121|771|195|219|138|107|21|0|27
Shangla|355|234|0|14|0|11|0|0|7|3
SWA|233|270|104|76|159|55|141|25|33|26
Swabi|1252|69|687|29|34|141|48|0|0|23
Swat|3237|64|245|11|33|26|0|0|12|18
Tank|506|524|0|332|0|19|0|18|0|0
Tor Ghar|91|129|0|27|17|1|11|6|10|0
Upper Kurram|412|26|676|333|237|34|319|0|29|16
Total|23108|6620|4803|1460|1297|1168|975|340|327|275

### 2023 39
Districts|AD (NonCholera)|Malaria|ILI|Typhoid|ALRI <5 Years|B. Diarrhea|SARI|Dog Bite|CL|AVH (A & E)
Abbottabad|478|4|17|11|11|2|16|2|0|0
Bajaur|177|115|12|0|12|22|3|0|2|0
Bannu|618|971|54|38|2|3|4|1|6|6
Battagram|239|154|521|0|0|0|0|4|0|5
Buner|342|325|0|10|48|0|0|0|0|0
Chitral Lower|301|25|73|9|16|30|39|12|5|6
Chitral Upper|119|8|8|20|8|5|9|0|1|7
D.I. Khan|994|582|10|1|10|15|41|4|3|0
Dir Lower|1546|696|31|66|224|143|0|5|15|32
Dir Upper|662|19|12|14|26|27|0|0|4|6
Hangu|188|598|91|36|5|20|70|6|55|7
Haripur|1023|66|429|39|302|7|4|0|0|23
Karak|278|281|2|1|11|0|0|22|50|0
Khyber|4|0|0|4|0|3|1|0|0|0
Kohat|53|39|0|0|1|0|1|3|8|0
Kohistan Lower|136|0|0|0|7|2|0|0|0|0
Kohistan Upper|300|9|75|53|1|37|45|0|0|0
Kolai Palas|58|3|0|0|0|6|0|0|0|0
L & C Kurram|9|11|73|3|0|5|0|0|0|0
Lakki Marwat|444|301|0|11|62|9|0|0|7|0
Malakand|736|76|0|30|41|81|0|0|3|40
Mansehra|209|14|134|27|25|8|151|111|0|4
Mardan|575|271|0|0|131|13|0|0|6|6
Mohmand|99|117|24|28|13|25|75|0|42|9
Nowshera|1602|138|3|17|1|17|29|15|29|0
Peshawar|2959|104|862|201|94|282|113|3|23|37
Shangla|96|133|0|12|6|0|0|7|0|3
SWA|189|129|133|124|55|214|88|17|17|25
Swabi|1081|100|231|34|94|18|12|0|0|14
Swat|2456|67|309|11|34|48|0|59|0|17
Tank|664|716|0|318|34|6|0|0|10|0
Tor Ghar|96|117|0|22|1|30|8|15|8|0
Upper Kurram|329|32|398|213|22|170|393|21|0|14
Total|19060|6221|3502|1353|1297|1248|1102|307|294|261

### 2023 41
Districts|AD (NonCholera)|Malaria|ILI|ALRI <5 Years|SARI|B. Diarrhea|Typhoid|CL|AVH (A & E)|VH (B,C & D)
Abbottabad|424|3|34|17|18|1|14|0|0|0
Bajaur|259|97|69|25|4|22|0|0|0|0
Bannu|598|795|23|18|0|2|62|0|5|0
Battagram|192|328|619|0|0|0|0|3|5|0
Buner|278|298|0|36|0|1|8|0|0|0
Charsadda|1143|375|234|58|438|45|20|6|0|0
Chitral Lower|200|19|117|17|87|17|5|12|6|5
Chitral Upper|101|5|9|22|1|4|23|1|2|0
D.I. Khan|786|369|9|9|32|20|4|8|0|0
Dir Lower|1390|711|6|198|0|137|59|14|34|0
Dir Upper|419|12|18|15|0|11|29|5|8|0
Hangu|200|634|104|14|76|32|15|29|17|6
Haripur|1068|69|595|484|1|7|75|0|46|20
Karak|260|286|65|5|0|0|4|41|0|0
Khyber|88|288|98|4|2|23|6|13|3|5
Kohat|89|21|0|1|1|0|0|4|0|0
Kohistan Lower|129|0|0|9|0|16|1|0|0|0
Kohistan Upper|311|18|40|3|4|3|45|0|0|0
Kolai Palas|54|11|0|0|4|1|0|0|0|0
L & C Kurram|30|13|175|0|0|18|8|0|0|0
Lakki Marwat|318|277|0|61|0|12|10|6|0|0
Malakand|498|54|0|25|4|62|30|9|31|0
Mansehra|541|4|666|63|59|23|7|3|6|4
Mardan|921|151|148|301|0|35|0|4|9|1
Mohmand|143|131|32|9|4|17|11|66|0|2
Nowshera|0|5|0|2|0|0|1|1|0|0
Peshawar|1776|126|12|2|22|33|25|47|6|12
Shangla|2324|116|629|112|188|136|110|23|55|14
SWA|427|184|0|11|6|0|67|0|3|121
Swabi|142|104|115|134|149|63|15|21|18|22
Swat|1181|49|493|128|63|18|20|0|20|3
Tank|1887|53|273|46|0|47|0|0|13|3
Tor Ghar|527|401|0|29|0|1|51|19|0|0
Upper Kurram|75|117|0|2|9|13|28|6|3|0
Total|18991|6151|5112|1912|1664|1060|897|341|312|223

### 2023 42
Districts|AD (Non-Cholera)|Malaria|ILI|ALRI <5 Years|SARI|B. Diarrhea|Typhoid|CL|AVH (A & E)|Measels
Abbottabad|443|2|36|21|26|3|14|1|0|0
Bajaur|180|133|39|21|5|25|1|9|0|8
Bannu|569|1305|43|4|3|5|46|2|1|0
Buner|282|465|0|69|0|0|13|0|0|0
Charsadda|823|394|162|21|67|18|30|11|0|2
Chitral Lower|229|24|60|13|66|21|5|15|8|1
Chitral Upper|105|3|12|10|2|3|30|1|4|1
D.I. Khan|972|494|6|18|38|15|4|4|0|7
Dir Lower|1194|519|6|194|0|116|59|9|34|20
Dir Upper|589|15|22|12|1|13|26|6|7|8
Hangu|292|364|132|7|30|25|15|26|3|3
Haripur|896|54|483|379|3|6|71|0|58|2
Karak|261|274|53|6|16|1|6|29|0|8
Khyber|65|355|77|60|0|21|8|16|2|0
Kohat|71|48|0|1|0|0|0|2|0|3
Kohistan Lower|156|1|1|8|1|14|0|0|2|0
Kohistan Upper|278|13|74|1|11|10|10|0|0|8
Kolai Palas|76|10|0|2|18|6|0|0|7|0
L & C Kurram|23|19|154|0|0|4|0|0|0|0
Lakki Marwat|413|316|0|61|0|19|5|13|0|2
Malakand|471|39|0|36|4|30|23|18|29|15
Mansehra|520|17|574|41|82|4|4|0|0|6
Mardan|856|77|20|428|0|27|0|8|7|1
Mohmand|99|149|38|13|5|14|11|65|0|0
Nowshera|1792|99|21|1|25|27|21|30|0|0
Peshawar|2400|90|966|174|190|136|84|24|8|27
Shangla|209|98|0|7|0|0|15|0|0|4
SWA|141|116|310|198|144|52|28|21|12|6
Swabi|915|58|491|111|10|14|30|0|5|4
Swat|1890|68|236|54|0|22|3|0|12|9
Tank|399|215|0|29|0|4|43|4|0|1
Tor Ghar|51|160|0|6|12|20|33|6|1|0
Upper Kurram|180|28|501|30|520|224|104|0|7|19
Total|17840|6022|4517|2036|1279|899|742|320|207|165

### 2023 43
Districts|AD (NonCholera)|Malaria|ILI|ALRI <5 Years|SARI|B. Diarrhea|Typhoid|CL|AVH (A & E)|Measles
Abbottabad|427|4|33|21|27|0|10|0|0|0
Bajaur|174|99|5|18|5|29|0|0|0|1
Bannu|769|1305|42|5|0|4|58|0|1|3
Buner|315|361|0|55|0|0|9|0|0|3
Charsadda|920|349|269|57|63|36|10|34|0|2
Chitral Lower|216|23|113|37|32|20|7|15|8|1
Chitral Upper|105|4|13|13|21|7|27|0|1|0
D.I. Khan|1023|603|8|4|41|14|2|1|0|1
Dir Lower|960|537|11|199|45|127|50|5|181|27
Dir Upper|618|19|34|35|6|12|28|6|5|19
Hangu|233|473|154|8|60|21|16|28|5|0
Haripur|1093|43|903|379|40|14|59|0|11|2
Karak|230|239|103|10|0|7|4|47|0|11
Khyber|93|308|65|0|5|34|9|25|2|30
Kohat|72|38|2|1|0|0|0|2|0|0
Kohistan Lower|61|10|2|7|1|16|0|0|0|5
Kohistan Upper|243|23|34|4|12|12|43|0|0|5
Kolai Palas|60|10|0|2|0|8|0|0|0|0
L & C Kurram|5|6|0|0|0|2|1|0|0|1
Lakki Marwat|411|363|0|84|0|10|9|14|0|1
Malakand|549|53|0|63|3|44|29|22|28|12
Mansehra|487|14|631|36|85|7|4|0|0|7
Mardan|764|67|66|212|0|28|0|6|13|0
Mohmand|138|227|41|5|3|11|12|83|0|0
Nowshera|1732|75|27|1|28|24|9|18|0|0
Peshawar|2632|96|784|162|145|123|104|23|28|26
SD Bannu|3|5|2|1|0|5|0|0|3|2
SD Lakki|3|5|0|0|0|0|0|0|0|0
Shangla|318|129|0|3|3|1|56|4|0|8
SWA|107|138|99|48|68|49|47|69|6|31
Swabi|1112|89|602|250|77|14|24|0|15|13
Swat|2194|67|399|61|0|26|0|0|19|14
Tank|298|439|0|8|0|3|55|21|0|0
Tor Ghar|48|117|0|11|31|15|8|7|2|0
Upper Kurram|9|0|30|0|1|2|1|0|0|0
Total|18422|6338|4472|1800|802|725|691|430|328|225

### 2023 44
Districts|AD (NonCholera)|Malaria|ILI|ALRI <5 Years|SARI|B. Diarrhea|Typhoid|CL|AVH (A & E)|Measles
Abbottabad|437|3|38|23|24|3|11|0|0|2
Bajaur|109|83|25|30|15|11|0|1|0|0
Bannu|659|906|2|2|0|8|30|0|2|0
Battagram|181|201|226|0|3|1|0|2|2|0
Buner|273|378|0|59|0|0|5|0|0|0
Charsadda|875|420|190|57|101|30|16|9|6|31
Chitral Lower|192|17|53|19|21|14|7|6|7|2
Chitral Upper|104|7|9|13|7|4|28|0|1|0
D.I. Khan|935|388|6|5|33|4|4|3|0|4
Dir Lower|1037|562|4|157|0|112|42|2|39|15
Dir Upper|571|14|35|34|0|5|19|5|6|0
Hangu|227|401|126|9|44|10|3|29|7|29
Haripur|1303|36|1034|260|23|1|51|0|18|0
Karak|244|161|72|9|8|0|2|34|0|24
Khyber|119|221|58|32|3|28|11|7|3|2
Kohat|48|21|0|0|0|0|0|1|0|1
Kohistan Lower|102|2|0|13|2|7|0|1|0|0
Kohistan Upper|124|16|34|2|6|4|15|0|0|0
Kolai Palas|37|4|0|3|0|7|0|0|0|0
L & C Kurram|30|13|140|0|0|5|2|0|0|0
Lakki Marwat|399|314|0|67|0|8|8|21|0|0
Malakand|545|37|0|31|6|39|13|19|29|0
Mansehra|264|5|276|113|9|13|1|0|4|0
Mardan|780|41|125|377|0|30|0|7|0|0
Mohmand|112|106|57|10|10|17|15|85|1|10
Nowshera|1677|69|4|1|21|24|13|10|0|0
Peshawar|2768|112|826|85|212|247|122|17|40|6
SD Bannu|12|69|15|3|3|9|2|0|2|0
SD Lakki|10|7|0|0|0|1|0|1|0|0
Shangla|125|100|12|4|17|2|14|0|2|9
SWA|79|205|270|203|86|26|41|14|3|11
Swabi|1048|69|610|121|21|12|36|0|12|0
Swat|2120|53|162|45|0|23|0|0|24|34
Tank|265|340|0|17|0|2|38|9|0|0
Tor Ghar|53|121|0|8|7|22|10|8|2|10
Upper Kurram|212|17|291|22|218|115|174|0|4|19
Total|18076|5519|4700|1834|900|844|733|291|214|209

### 2023 45
Districts|AD (NonCholera)|ILI|Malaria|ALRI <5 Years|SARI|B. Diarrhea|Typhoid|CL|AVH (A & E)|Measles
Abbottabad|379|33|3|20|23|2|10|0|0|1
Bajaur|100|15|28|31|49|9|0|2|0|2
Bannu|699|65|839|7|1|13|48|0|2|2
Battagram|165|421|96|0|0|1|0|1|2|2
Buner|242|0|343|0|0|0|9|0|0|3
Charsadda|849|325|417|49|91|36|14|17|7|0
Chitral Lower|174|81|12|13|26|17|8|8|3|0
Chitral Upper|97|7|1|17|5|6|23|0|2|0
D.I. Khan|864|6|334|6|28|15|2|6|0|26
Dir Lower|908|0|467|125|5|66|41|3|35|18
Dir Upper|296|10|7|34|0|14|16|5|4|1
Hangu|204|163|367|11|53|18|8|62|5|1
Haripur|970|739|21|251|59|4|58|0|38|0
Karak|251|74|207|3|0|0|5|31|0|22
Khyber|96|0|62|18|0|31|4|0|0|0
Kohat|55|0|22|1|0|0|0|2|0|0
Kohistan Lower|75|0|4|33|0|15|1|0|0|0
Kohistan Upper|250|28|14|5|8|2|41|0|0|6
Kolai Palas|49|0|4|11|13|2|0|0|0|0
L & C Kurram|13|100|0|0|0|3|4|0|0|0
Lakki Marwat|364|0|254|80|0|30|12|7|0|2
Malakand|507|0|38|44|7|45|19|35|31|13
Mansehra|347|527|2|45|105|16|1|0|8|2
Mardan|1045|148|31|837|0|27|0|15|5|1
Mohmand|189|60|155|12|17|17|27|82|0|1
Nowshera|1324|6|66|3|24|11|18|15|3|1
Peshawar|2551|1278|66|197|228|165|63|4|14|28
Shangla|324|26|102|31|20|4|17|0|0|4
SWA|76|359|159|201|60|35|63|41|2|6
Swabi|888|491|39|110|8|12|30|0|7|4
Swat|1727|249|17|86|0|14|3|0|23|7
Tank|244|0|328|4|0|5|55|15|0|2
Tor Ghar|40|0|77|1|14|17|7|8|2|0
Upper Kurram|264|371|6|22|322|202|92|0|7|17
Total|16626|5582|4588|2308|1166|854|699|359|200|172

### 2023 46
Districts|AD (NonCholera)|Malaria|ILI|ALRI <5 Years|SARI|B. Diarrhea|Typhoid|CL|Measles|AVH (A & E)
Abbottabad|409|3|36|19|30|1|13|2|0|0
Bajaur|267|133|41|32|15|38|4|5|4|0
Bannu|756|1260|49|26|0|16|48|1|7|7
Battagram|175|94|533|0|2|0|0|0|1|4
Buner|335|299|0|49|0|2|11|0|2|0
Charsadda|941|542|381|72|127|30|43|13|1|5
Chitral Lower|210|11|93|34|47|13|4|10|4|10
Chitral Upper|80|3|11|18|9|10|32|0|1|1
D.I. Khan|849|422|8|44|42|10|2|1|27|0
Dir Lower|1044|630|3|255|2|66|34|9|18|0
Dir Upper|286|7|35|35|0|10|27|4|8|6
Hangu|241|441|155|22|20|19|3|27|1|11
Haripur|965|28|583|318|5|3|54|0|0|23
Karak|235|184|48|7|0|0|2|41|29|0
Khyber|88|153|42|21|2|14|8|5|3|1
Kohat|60|18|2|1|0|0|0|1|2|0
Kohistan Lower|96|4|0|8|0|4|0|0|1|0
Kohistan Upper|276|16|48|33|15|8|9|0|3|0
Kolai Palas|41|2|0|4|2|8|0|0|0|0
L & C Kurram|26|8|189|0|2|4|4|0|0|0
Lakki Marwat|385|323|0|73|0|26|13|19|2|0
Malakand|516|28|0|55|11|36|15|18|26|32
Mansehra|439|7|775|102|68|25|2|0|1|10
Mardan|1087|28|0|866|0|25|0|7|4|7
Mohmand|120|106|53|4|8|24|14|70|3|0
Nowshera|1396|51|0|0|25|30|14|17|0|0
Peshawar|2916|126|1164|134|85|235|79|19|22|36
SD DI Khan|0|3|0|0|0|0|1|0|0|0
SD Peshawar|0|1|0|4|0|0|0|0|0|0
Shangla|393|187|35|11|32|2|7|0|4|0
SWA|71|78|290|116|26|13|30|32|2|1
Swabi|1051|55|555|348|21|9|27|0|7|17
Swat|1998|21|144|80|0|20|0|0|1|23
Tank|567|498|0|49|0|5|81|9|3|0
Tor Ghar|38|88|0|0|14|18|4|9|0|1
Upper Kurram|222|10|494|53|445|222|133|0|27|2
Total|18579|5868|5767|2893|1055|946|718|319|214|197

### 2023 47
Districts|AD (NonCholera)|ILI|Malaria|ALRI <5 Years|SARI|Typhoid|B. Diarrhea|CL|Measles|VH (B,C & D)
Abbottabad|378|33|0|21|22|10|3|0|2|1
Bajaur|208|27|60|6|17|0|29|1|2|0
Bannu|682|49|1173|19|31|33|27|3|3|0
Battagram|182|557|76|0|0|0|0|1|1|0
Buner|307|0|311|0|0|12|0|0|2|0
Charsadda|879|307|438|81|198|30|19|6|2|0
Chitral Lower|221|93|11|28|27|8|15|12|0|1
Chitral Upper|87|6|3|23|5|28|4|0|0|0
D.I. Khan|864|9|441|27|48|4|14|0|29|0
Dir Lower|911|5|664|273|2|28|79|10|15|0
Dir Upper|300|13|6|19|3|29|5|4|1|1
Hangu|128|84|300|9|14|9|7|25|0|0
Haripur|891|691|19|223|44|40|11|0|2|13
Karak|227|20|106|7|3|5|0|41|19|3
Khyber|80|63|102|2|28|7|18|16|0|5
Kohat|26|0|13|0|0|0|0|0|0|0
Kohistan Lower|322|0|1|8|2|0|13|0|0|0
Kohistan Upper|274|39|19|8|0|18|8|0|2|0
Kolai Palas|47|0|4|0|4|0|1|0|0|0
L & C Kurram|10|179|13|0|0|0|3|0|0|0
Lakki Marwat|369|0|292|58|0|17|24|27|5|0
Malakand|471|0|19|50|7|13|36|3|23|0
Mansehra|503|665|3|83|51|63|31|0|2|16
Mardan|781|4|39|865|0|0|25|3|1|14
Mohmand|133|79|170|9|13|13|22|101|0|0
Nowshera|1294|0|62|1|34|6|31|9|0|6
Peshawar|2980|1209|124|209|225|134|133|40|32|12
SD DI Khan|1|0|9|0|0|1|0|0|0|0
SD Peshawar|0|0|2|0|0|0|0|0|0|0
Shangla|460|22|177|33|35|34|12|1|15|103
SWA|58|333|106|107|76|47|48|31|10|3
Swabi|966|759|51|288|19|29|9|0|12|3
Swat|1970|333|39|51|0|0|16|0|1|0
Tank|238|0|336|18|0|68|4|9|5|0
Tor Ghar|47|0|73|0|20|5|16|8|0|0
Upper Kurram|306|535|12|24|497|78|48|0|13|10
Total|17601|6114|5274|2550|1425|769|711|351|199|191

### 2023 48
Districts|AD (NonCholera)|ILI|Malaria|ALRI <5 Years|SARI|B. Diarrhea|Typhoid|CL|Dog Bite|Measles
Abbottabad|399|31|2|17|20|1|10|2|0|0
Bajaur|150|25|36|30|10|11|0|0|0|1
Bannu|627|16|1035|20|2|11|54|0|3|6
Battagram|136|448|71|0|1|0|0|0|0|3
Buner|164|0|143|75|0|0|1|0|11|3
Charsadda|940|439|472|105|150|14|19|34|61|2
Chitral Lower|228|100|3|25|35|8|5|9|0|4
Chitral Upper|85|9|2|17|7|5|30|1|1|0
D.I. Khan|774|15|390|21|53|25|0|1|3|37
Dir Lower|897|12|442|325|0|56|28|15|5|17
Dir Upper|265|254|7|20|1|10|23|5|0|1
Hangu|175|212|312|7|9|6|20|29|0|11
Haripur|812|814|20|391|9|10|44|0|0|0
Karak|181|25|146|8|0|0|10|13|50|25
Khyber|76|47|92|7|8|20|2|17|0|0
Kohat|45|2|16|1|0|0|0|1|1|0
Kohistan Lower|95|0|8|4|0|7|0|0|0|0
Kohistan Upper|269|30|4|6|10|5|25|0|1|1
Kolai Palas|33|0|2|4|0|3|0|0|0|0
L & C Kurram|15|169|1|0|0|2|0|0|0|0
Lakki Marwat|340|0|275|76|0|16|20|15|7|2
Malakand|489|0|9|64|7|41|13|12|0|17
Mansehra|453|549|8|132|74|13|2|0|0|2
Mardan|773|75|32|931|3|30|0|8|0|1
Mohmand|150|84|105|9|17|30|15|30|3|1
Nowshera|1148|0|36|4|1|19|4|2|0|1
Peshawar|2805|1466|79|221|315|149|85|24|3|36
SD DI Khan|0|0|0|0|0|0|0|0|0|0
SD Peshawar|0|80|3|0|0|2|0|0|0|0
SD Tank|0|0|1|0|0|0|0|0|0|0
Shangla|235|75|96|6|29|0|14|0|7|6
SWA|49|428|69|129|33|39|27|34|6|4
Swabi|661|506|15|195|118|4|19|0|1|1
Swat|1554|71|14|89|0|11|0|0|35|11
Tank|318|0|220|0|0|6|29|0|0|7
Tor Ghar|34|0|59|6|16|14|20|4|20|0
Upper Kurram|138|459|4|17|315|118|8|0|10|10
Total|15513|6441|4229|2962|1243|686|527|256|228|210

### 2023 49
Districts|AD (Non-Cholera)|ILI|Malaria|ALRI <5 Years|SARI|Typhoid|B. Diarrhea|CL|Measles|Dog Bite
Abbottabad|381|38|2|22|22|8|0|0|1|2
Bajaur|225|46|84|8|113|0|9|0|5|0
Bannu|638|40|1074|29|2|62|7|0|5|4
Battagram|126|459|55|0|0|0|0|0|2|0
Buner|273|0|194|68|0|7|1|0|0|13
Charsadda|888|511|380|155|124|38|27|1|5|0
Chitral Lower|178|131|4|39|53|7|6|3|2|5
Chitral Upper|86|8|3|19|8|27|6|0|0|1
D.I. Khan|828|13|397|25|41|0|29|0|35|7
Dir Lower|832|1|640|422|4|28|77|9|21|11
Dir Upper|251|361|6|39|9|24|7|5|3|3
Hangu|173|286|362|10|4|5|5|19|4|0
Haripur|804|999|14|425|47|60|10|0|1|0
Karak|186|65|138|11|0|5|0|45|38|36
Khyber|37|65|80|14|14|3|16|11|1|0
Kohat|54|3|17|1|1|0|0|0|2|1
Kohistan Lower|42|0|1|7|0|1|5|0|0|0
Kohistan Upper|154|48|1|23|13|8|5|0|0|0
Kolai Palas|39|0|2|5|12|0|19|0|0|0
L & C Kurram|25|174|0|0|0|0|0|0|0|0
Lakki Marwat|415|0|227|82|0|16|12|0|0|10
Malakand|400|46|17|112|23|36|28|7|13|0
Mansehra|429|1017|2|106|120|1|4|0|2|0
Mardan|861|174|15|515|0|0|17|4|1|1
Mohmand|154|102|118|11|34|21|17|99|0|7
Nowshera|1045|0|34|1|31|14|20|7|2|0
Peshawar|2810|1538|135|487|183|153|133|23|29|4
SD DI Khan|0|0|3|0|0|1|0|0|0|0
SD Peshawar|1|75|7|0|0|0|0|0|0|0
SD Tank|1|0|2|0|0|0|1|0|0|0
Shangla|304|51|171|26|36|17|0|0|1|21
SWA|51|467|77|129|39|35|18|31|2|34
Swabi|854|901|30|288|88|26|19|0|13|3
Swat|1713|190|10|60|0|1|5|0|9|14
Tank|379|0|510|12|0|1|3|0|6|0
Tor Ghar|30|0|30|4|28|3|18|2|2|22
Upper Kurram|198|545|2|19|497|16|57|0|14|8
Total|15865|8354|4839|3174|1546|624|581|266|219|207

### 2023 50
Districts|AD (NonCholera)|ILI|Malaria|ALRI <5 Years|SARI|Typhoid|B. Diarrhea|TB|CL|Measles
Abbottabad|324|58|4|24|23|10|2|22|0|0
Bajaur|168|79|96|2|15|0|34|1|0|2
Bannu|650|26|953|36|23|77|6|38|0|4
Battagram|126|614|0|0|0|0|3|0|0|0
Buner|292|0|280|72|0|5|5|4|0|2
Charsadda|805|509|306|165|141|25|22|0|1|4
Chitral Lower|183|130|7|44|40|19|17|10|2|0
Chitral Upper|89|21|8|25|11|21|5|4|0|0
D.I. Khan|803|0|360|53|45|0|19|15|2|47
Dir Lower|846|0|525|446|3|26|76|20|3|15
Dir Upper|222|499|4|48|20|27|4|18|10|2
Hangu|172|308|355|2|23|15|4|11|35|7
Haripur|767|734|19|226|9|78|7|56|0|3
Karak|136|82|146|12|0|5|0|8|45|40
Khyber|46|125|37|19|0|2|15|11|24|1
Kohat|44|42|13|0|1|0|2|0|0|3
Kohistan Lower|41|0|3|3|0|0|6|0|0|1
Kohistan Upper|189|64|6|19|12|0|10|0|0|7
Kolai Palas|58|0|4|4|18|0|0|1|0|0
L & C Kurram|14|143|0|0|0|2|4|0|0|0
Lakki Marwat|346|0|204|92|0|15|12|2|18|2
Malakand|385|0|20|74|34|19|36|4|14|15
Mansehra|411|889|0|89|74|3|8|8|0|3
Mardan|899|101|43|969|3|0|25|7|3|2
Mohmand|116|109|111|11|20|16|19|0|83|0
Nowshera|1026|415|40|3|21|7|14|2|6|4
Peshawar|2143|1027|63|462|453|86|130|13|20|28
SD DI Khan|0|0|0|0|0|10|0|0|0|0
SD Peshawar|0|0|5|2|0|0|0|0|0|0
SD Tank|1|0|2|0|0|0|0|0|0|0
Shangla|312|0|164|9|58|13|0|24|0|4
SWA|127|71|76|96|92|30|27|0|28|21
Swabi|791|881|18|235|82|16|16|80|0|15
Swat|1339|333|13|83|88|9|6|41|0|13
Tank|271|19|432|13|0|23|5|7|11|0
Tor Ghar|58|8|45|48|29|2|22|0|8|3
Upper Kurram|74|327|12|23|513|45|30|6|0|10
Total|14274|7614|4374|3409|1851|606|591|413|313|258

### 2023 51
Districts|AD (Non-Cholera)|ILI|Malaria|ALRI <5 Years|SARI|Typhoid|B. Diarrhea|TB|CL|Measles
Abbottabad|340|74|2|26|17|8|1|17|0|5
Bajaur|188|29|90|62|30|0|15|1|0|1
Bannu|745|16|1194|19|2|74|11|47|0|18
Battagram|92|465|0|0|10|0|0|0|0|1
Buner|271|3|137|86|0|3|2|1|0|0
Charsadda|649|279|393|102|110|28|12|3|0|7
Chitral Lower|141|155|15|53|75|13|13|7|4|0
Chitral Upper|80|19|4|34|7|16|8|6|0|0
D.I. Khan|682|0|289|84|8|1|13|19|0|42
Dir Lower|767|2|540|244|7|40|57|17|3|13
Dir Upper|144|373|5|17|9|25|6|15|6|3
Hangu|152|145|303|24|23|23|2|12|20|8
Haripur|677|734|12|285|117|58|8|44|1|0
Karak|166|52|109|12|5|10|0|8|39|28
Khyber|59|136|25|62|5|3|31|8|16|3
Kohat|33|13|17|0|1|0|0|0|3|0
Kohistan Lower|59|0|1|4|0|2|13|0|0|3
Kohistan Upper|296|15|2|6|45|14|3|0|1|15
Kolai Palas|52|0|0|7|70|0|2|0|0|0
L & C Kurram|13|23|12|0|0|3|5|0|0|0
Lakki Marwat|284|0|176|70|0|8|8|1|11|3
Malakand|368|2|16|81|10|15|25|4|10|19
Mansehra|441|1014|1|114|75|9|13|7|0|1
Mardan|630|84|19|775|2|0|19|3|1|2
Mohmand|102|114|93|8|37|9|24|0|98|0
NWA|0|0|0|5|0|0|0|1|0|NR
Nowshera|800|440|47|12|20|11|26|4|6|2
Peshawar|1975|1314|24|305|85|56|103|128|17|15
SD DI Khan|14|0|7|0|0|1|0|0|0|0
SD Peshawar|0|0|0|1|0|0|0|0|0|0
SD Tank|1|0|1|0|0|0|1|0|0|0
Shangla|391|30|147|14|29|26|2|70|4|7
SWA|174|82|64|98|74|26|22|0|17|6
Swabi|570|895|14|244|80|8|5|0|0|13
Swat|1416|229|10|54|0|1|11|16|0|6
Tank|353|95|409|7|0|39|2|13|10|5
Tor Ghar|67|0|20|8|17|5|25|0|12|5
Upper Kurram|137|471|5|25|626|19|48|4|0|13
Total|13329|7303|4203|2948|1596|554|536|456|279|244

### 2023 52
Districts|AD (Non-Cholera)|ILI|Malaria|ALRI <5 Years|SARI|Typhoid|B. Diarrhea|CL|Measles
Abbottabad|291|109|1|26|35|9|2|2|0
Bajaur|151|37|50|15|6|1|15|1|0
Bannu|638|2|1112|25|0|61|3|21|0
Battagram|80|440|26|0|2|0|0|1|0
Buner|219|0|133|46|0|3|4|2|0
Charsadda|678|471|187|83|119|49|15|2|0
Chitral Lower|147|143|12|76|62|13|13|2|3
Chitral Upper|68|13|6|26|8|26|4|0|0
D.I. Khan|630|0|220|60|7|0|12|58|0
Dir Lower|733|6|414|296|0|28|66|10|2
Dir Upper|213|397|5|30|13|40|3|3|10
Hangu|157|222|233|8|22|6|5|1|9
Haripur|544|756|10|210|39|44|9|0|0
Karak|186|92|57|13|0|3|0|39|43
Khyber|46|146|16|19|5|3|18|3|20
Kohat|44|32|12|0|0|0|0|0|0
Kohistan Lower|98|0|0|7|0|0|8|0|0
Kohistan Upper|177|25|1|12|48|4|20|3|0
Kolai Palas|96|0|1|17|36|0|5|0|1
L & C Kurram|2|62|0|0|0|1|4|0|0
Lakki Marwat|273|5|142|121|0|8|9|5|7
Malakand|375|12|7|69|5|4|42|15|11
Mansehra|336|571|0|49|100|0|2|0|0
Mardan|542|41|8|318|2|0|16|0|1
Mohmand|98|104|86|22|76|13|16|2|52
NWA|0|NR|5|NR|NR|0|0|NR|5
Nowshera|760|368|5|11|16|12|26|1|3
Peshawar|1913|1184|48|300|161|106|101|37|2
SD DI Khan|10|0|4|0|0|0|0|0|0
SD Peshawar|2|15|0|1|0|0|0|0|0
SD Tank|1|0|2|0|0|1|0|0|0
Shangla|186|0|21|23|18|13|0|2|0
SWA|63|173|69|134|99|57|29|3|9
Swabi|644|935|17|266|97|17|8|14|0
Swat|1144|236|16|77|0|0|27|13|0
Tank|238|5|214|8|0|35|1|5|28
Tor Ghar|37|0|22|5|32|5|9|1|11
Upper Kurram|101|490|2|10|756|15|39|9|0
Total|11921|7092|3163|2383|1764|577|531|255|217

### 2024 1
Districts|AD (NonCholera)|ILI|Malaria|ALRI <5 Years|SARI|B. Diarrhea|Typhoid|Measles|CL
Abbottabad|295|106|3|21|33|2|7|1|0
Bajaur|142|42|60|9|19|16|1|5|0
Bannu|562|13|861|22|12|7|45|41|0
Battagram|91|524|0|0|0|0|0|0|4
Buner|176|0|103|0|0|0|2|0|0
Charsadda|450|546|202|63|84|11|24|8|1
Chitral Lower|179|200|3|35|86|10|11|0|4
Chitral Upper|57|25|1|35|13|7|16|0|0
D.I. Khan|475|0|122|57|6|9|0|83|0
Dir Lower|731|9|455|258|1|60|26|14|1
Dir Upper|181|230|1|37|9|2|4|2|1
Hangu|128|245|223|8|15|3|7|5|29
Haripur|608|754|12|154|46|6|39|0|0
Karak|203|80|50|29|0|0|4|43|52
Khyber|51|82|22|17|0|15|2|1|18
Kohat|61|41|14|2|9|0|0|0|0
Kohistan Lower|94|0|0|14|5|16|0|1|0
Kohistan Upper|192|39|3|23|1|6|35|15|0
Kolai Palas|73|0|0|18|26|3|1|0|0
L & C Kurram|0|0|0|0|0|2|0|0|0
Lakki Marwat|253|0|126|79|0|6|5|5|9
Malakand|398|29|13|67|25|41|19|23|11
Mansehra|327|787|0|128|130|7|1|2|0
Mardan|491|4|22|722|2|27|0|0|0
Mohmand|70|3|39|5|23|12|6|0|57
Nowshera|549|277|12|10|10|18|6|7|5
Orakzai|4|19|0|3|1|0|0|0|0
Peshawar|1465|1124|13|285|143|75|55|49|29
SD DI Khan|6|0|2|0|0|0|0|0|0
SD Peshawar|13|25|2|0|0|0|0|0|0
SD Tank|1|0|1|0|0|1|0|0|0
Shangla|189|0|55|20|0|0|10|0|0
SWA|49|374|55|125|120|38|42|1|10
Swabi|488|785|6|123|106|7|12|11|0
Swat|1256|207|14|60|0|30|0|14|0
Tank|96|4|111|0|0|1|1|0|0
Tor Ghar|51|0|10|0|22|9|1|0|2
Upper Kurram|39|417|2|10|535|12|9|9|0
Total|10494|6991|2618|2439|1482|459|391|340|233

### 2024 2
Districts|AD (NonCholera)|ILI|Malaria|ALRI <5 Years|SARI|B. Diarrhea|Typhoid|Measles|TB|CL
Abbottabad|281|117|1|17|30|4|4|0|24|0
Bajaur|89|31|31|20|15|14|3|4|1|0
Bannu|407|0|659|25|5|6|46|2|26|0
Battagram|78|391|7|0|0|0|0|1|0|2
Buner|140|1|121|71|0|2|1|0|3|0
Charsadda|479|687|196|216|98|19|22|4|0|1
Chitral Lower|164|93|5|22|77|13|8|1|6|7
Chitral Upper|49|17|1|26|9|2|13|0|6|0
D.I. Khan|473|0|130|41|34|10|0|63|18|0
Dir Lower|655|4|462|266|1|62|21|20|17|2
Dir Upper|206|213|2|16|11|1|19|5|19|0
Hangu|83|175|181|5|56|3|3|11|8|13
Haripur|646|691|1|156|56|5|24|4|25|0
Karak|201|93|43|26|0|0|8|49|11|45
Khyber|66|160|7|21|5|14|3|4|3|11
Kohat|69|46|23|0|8|0|0|0|0|0
Kohistan Lower|59|0|0|4|0|2|0|5|0|0
Kohistan Upper|174|55|0|9|0|8|0|8|0|0
Kolai Palas|65|0|0|8|29|0|1|0|0|0
L & C Kurram|2|86|0|0|0|4|0|0|0|0
Lakki Marwat|214|3|97|88|0|9|9|9|1|2
Malakand|395|18|10|63|32|53|21|21|1|15
Mansehra|255|467|0|39|50|9|20|5|7|0
Mardan|511|96|16|357|2|21|0|7|13|0
Mohmand|89|87|46|12|27|13|13|0|0|54
Nowshera|492|250|48|26|21|11|8|18|20|23
Orakzai|1|9|2|5|0|1|0|0|0|0
Peshawar|1504|978|16|245|136|92|36|43|3|24
SD DI Khan|6|0|1|0|0|0|0|0|0|0
SD Peshawar|0|32|3|0|0|0|0|0|0|0
SD Tank|1|0|1|0|0|0|1|0|0|0
Shangla|191|0|38|13|0|0|15|2|28|0
SWA|31|334|63|94|61|16|45|3|0|5
Swabi|455|844|9|176|31|5|7|23|28|0
Swat|1135|383|11|95|0|50|0|21|24|0
Tank|359|108|84|28|0|1|76|5|4|6
Tor Ghar|57|0|29|20|15|9|11|0|0|8
Upper Kurram|65|364|0|19|614|17|6|10|2|0
Total|10147|6833|2344|2229|1423|476|444|348|298|218

### 2024 3
Districts|AD (NonCholera)|ILI|Malaria|ALRI <5 Years|SARI|B. Diarrhea|Typhoid|Measles|TB|CL
Abbottabad|301|115|2|21|23|2|5|5|18|0
Bajaur|114|15|25|43|55|8|0|0|0|1
Bannu|580|4|1070|32|12|18|53|24|23|1
Battagram|55|134|0|0|2|0|0|0|0|0
Buner|221|0|97|71|0|1|0|0|1|0
Charsadda|658|1096|229|235|122|19|25|10|0|0
Chitral Lower|139|104|4|54|47|11|11|1|10|5
Chitral Upper|71|20|3|11|9|5|18|0|3|0
D.I. Khan|463|0|115|84|35|15|0|68|20|0
Dir Lower|680|4|354|295|2|61|18|21|16|3
Dir Upper|216|226|4|26|5|4|34|10|30|5
Hangu|109|277|226|8|50|6|0|18|8|8
Haripur|675|543|7|179|44|9|19|3|20|0
Karak|161|91|43|19|0|0|5|55|3|38
Khyber|61|161|10|11|0|17|0|9|8|14
Kohat|92|39|23|1|1|0|0|0|0|0
Kohistan Lower|31|0|1|5|0|6|0|3|0|0
Kohistan Upper|151|60|0|3|30|4|0|2|0|0
Kolai Palas|68|0|0|4|18|2|0|0|0|1
L & C Kurram|0|111|0|0|0|4|0|0|0|0
Lakki Marwat|200|1|95|98|2|3|8|3|3|7
Malakand|394|26|17|75|25|62|16|18|3|10
Mansehra|316|463|1|64|85|6|2|2|8|0
Mardan|594|27|17|702|4|16|0|2|10|0
Mohmand|107|96|75|13|31|11|7|1|3|49
Nowshera|621|320|69|20|22|16|2|20|5|32
Orakzai|13|16|16|11|0|2|0|0|0|0
Peshawar|1537|685|21|207|173|84|49|53|20|23
SD DI Khan|0|0|3|0|0|0|0|0|0|0
SD Peshawar|3|25|2|1|0|3|0|0|0|0
SD Tank|1|0|1|0|0|0|0|0|0|0
Shangla|141|0|117|23|0|0|20|2|42|6
SWA|43|365|48|83|49|12|29|1|0|8
Swabi|535|691|15|228|170|10|17|10|52|0
Swat|1265|200|10|44|0|18|0|10|3|0
Tank|224|240|102|19|0|1|111|9|4|18
Tor Ghar|57|0|12|1|0|17|1|0|0|4
Upper Kurram|63|318|2|15|768|12|4|7|2|0
Total|10960|6473|2836|2706|1784|465|454|367|315|233

### 2024 4
Districts|AD (NonCholera)|ILI|ALRI <5 Years|Malaria|SARI|Typhoid|Measles|TB|B. Diarrhea|CL
Abbottabad|344|101|23|0|21|4|0|15|3|0
Bajaur|363|40|312|103|15|7|7|17|14|15
Bannu|632|0|47|1082|3|71|31|25|5|1
Battagram|75|258|0|3|1|0|0|0|0|23
Buner|240|0|69|143|0|2|0|0|0|0
Charsadda|654|1417|408|167|129|27|15|0|22|1
Chitral Lower|107|83|14|2|55|7|1|12|5|10
Chitral Upper|71|18|15|3|10|19|0|6|4|1
D.I. Khan|491|0|75|110|35|0|67|28|14|0
Dir Lower|603|7|251|377|0|22|23|24|30|3
Dir Upper|212|169|16|5|4|21|8|50|1|12
Hangu|152|311|0|215|13|5|6|3|15|18
Haripur|573|452|102|91|44|32|5|30|7|0
Karak|196|66|39|45|0|8|78|5|0|33
Khyber|45|85|41|10|0|7|1|5|18|16
Kohat|51|28|2|10|7|1|0|0|0|0
Kohistan Lower|74|0|5|2|0|0|1|0|7|0
Kohistan Upper|112|65|16|0|33|17|38|0|7|0
Kolai Palas|54|0|8|0|33|0|0|0|6|1
L & C Kurram|3|91|0|3|0|1|0|0|6|0
Lakki Marwat|226|44|97|93|0|8|5|7|2|3
Malakand|357|15|96|13|31|29|21|2|39|13
Mansehra|356|644|48|1|118|4|2|15|9|0
Mardan|477|45|684|21|3|0|0|7|16|0
Mohmand|88|33|17|132|65|6|2|1|19|69
Nowshera|571|293|5|65|27|1|18|10|11|29
Orakzai|10|16|5|3|0|0|0|0|2|0
Peshawar|1325|791|192|18|191|29|55|20|69|26
SD DI Khan|0|0|0|2|0|0|0|0|0|0
SD Peshawar|0|35|0|1|0|0|0|0|5|0
SD Tank|1|0|0|1|0|1|0|0|0|0
Shangla|335|0|10|80|0|31|6|56|2|3
SWA|44|436|93|21|68|30|1|1|12|6
Swabi|525|871|188|8|140|13|15|66|4|0
Swat|1218|207|104|14|0|1|5|7|13|0
Tank|293|168|7|68|0|65|12|1|4|13
Tor Ghar|52|0|0|9|22|2|0|0|18|6
Upper Kurram|43|376|10|0|663|2|6|1|18|0
Total|10973|7165|2999|2921|1731|473|429|414|407|302

### 2024 5
Districts|AD (NonCholera)|ILI|Malaria|ALRI <5 Years|SARI|B. Diarrhea|Measles|Typhoid|TB|CL
Abbottabad|267|83|3|15|12|1|0|5|24|0
Bajaur|36|25|14|7|10|5|0|0|0|0
Bannu|636|10|969|12|3|6|43|54|32|0
Battagram|56|174|0|0|0|0|0|0|0|1
Buner|139|0|107|0|0|0|0|6|0|0
Charsadda|648|870|255|274|110|24|2|16|3|1
Chitral Lower|100|86|9|53|30|6|0|8|4|5
Chitral Upper|60|7|0|19|3|3|0|8|2|0
D.I. Khan|543|0|130|65|38|8|69|0|38|1
Dir Lower|514|8|389|249|0|47|32|25|23|1
Dir Upper|163|127|3|2|3|1|3|25|21|0
Hangu|87|238|199|2|13|9|0|0|1|5
Haripur|659|358|6|197|33|10|0|32|17|0
Karak|149|108|35|40|0|0|37|9|10|27
Khyber|28|96|14|16|0|19|3|5|11|4
Kohat|41|52|8|1|4|0|0|0|0|0
Kohistan Lower|92|0|0|4|0|7|4|0|0|0
Kohistan Upper|142|35|0|15|0|7|66|2|0|0
Kolai Palas|54|0|0|7|15|2|1|0|0|0
L & C Kurram|14|94|0|0|0|3|0|1|0|0
Lakki Marwat|212|42|67|100|0|2|6|7|5|3
Malakand|304|120|15|48|28|37|28|1|3|15
Mansehra|158|372|0|57|57|1|2|0|4|0
Mardan|292|42|8|594|3|10|0|0|10|0
Mohmand|74|33|80|14|25|16|0|6|1|48
Nowshera|685|106|40|2|21|15|14|1|4|19
Orakzai|7|19|6|1|0|1|0|0|3|0
Peshawar|1540|623|23|97|116|102|26|38|27|18
SD DI Khan|0|0|5|0|0|0|0|0|0|0
SD Peshawar|0|0|0|0|0|0|0|0|0|0
SD Tank|1|0|1|0|0|1|0|1|0|0
Shangla|97|0|46|17|7|2|0|5|4|0
SWA|45|293|22|71|62|5|2|18|0|9
Swabi|582|798|8|161|74|10|12|14|45|0
Swat|944|207|3|45|2|9|5|4|4|0
Tank|220|167|73|16|0|0|2|38|4|17
Tor Ghar|31|0|7|3|33|15|0|6|1|3
Upper Kurram|183|429|0|11|227|30|11|1|2|0
Total|9803|5622|2545|2217|929|414|373|336|303|177

### 2024 6
Districts|AD (NonCholera)|ILI|Malaria|ALRI <5 Years|SARI|B. Diarrhea|Typhoid|Measles|TB|CL
Abbottabad|293|106|1|15|17|2|4|5|23|0
Bajaur|84|36|41|10|35|12|1|3|0|2
Bannu|486|0|881|18|3|8|53|15|19|4
Battagram|70|132|4|7|0|0|0|0|0|0
Buner|188|0|113|87|0|1|4|0|0|0
Charsadda|513|703|230|328|164|23|18|34|2|0
Chitral Lower|109|65|2|46|40|10|7|0|8|4
Chitral Upper|48|8|0|24|6|7|6|0|3|1
D.I. Khan|494|0|73|81|33|13|0|37|36|1
Dir Lower|450|2|353|175|0|104|23|29|14|2
Dir Upper|148|148|2|7|7|0|28|1|14|6
Hangu|108|354|316|11|22|5|1|10|7|8
Haripur|553|351|4|164|2|6|17|2|21|0
Karak|208|59|54|41|0|0|7|49|7|35
Khyber|39|21|42|25|80|10|6|0|0|3
Kohat|47|29|7|2|4|0|1|1|0|2
Kohistan Lower|76|0|0|3|0|12|0|1|0|0
Kohistan Upper|146|12|0|26|0|1|12|19|0|0
Kolai Palas|35|0|0|6|50|2|0|0|0|0
L & C Kurram|0|44|0|0|0|3|0|0|0|0
Lakki Marwat|182|24|68|72|0|7|9|4|2|4
Malakand|295|123|14|57|31|35|15|24|4|11
Mansehra|304|466|1|31|148|6|1|2|4|0
Mardan|501|5|15|735|2|13|0|4|12|0
Mohmand|60|35|76|15|15|10|8|2|0|24
Nowshera|587|50|7|5|11|11|5|18|4|13
Orakzai|1|12|0|0|1|0|0|0|0|0
Peshawar|1372|620|8|192|83|91|69|48|35|14
SD DI Khan|0|0|0|0|0|0|0|0|0|0
SD Peshawar|1|0|0|1|0|0|0|0|0|0
Shangla|135|0|82|20|0|0|14|4|21|3
SWA|25|246|8|49|51|3|10|1|0|12
Swabi|506|638|11|116|118|2|13|14|47|0
Swat|748|198|1|81|7|4|0|0|17|0
Tank|295|222|52|5|0|1|8|5|8|9
Tor Ghar|43|0|8|0|26|18|5|0|2|2
Upper Kurram|161|323|0|14|317|31|5|6|2|0
Total|9311|5032|2474|2469|1273|451|350|338|312|160

### 2024 7
Districts|AD (NonCholera)|ILI|Malaria|ALRI <5 Years|SARI|B. Diarrhea|Typhoid|Measles|TB|CL
Abbottabad|340|78|0|19|18|1|6|3|34|0
Bajaur|145|33|44|5|15|11|1|1|0|0
Bannu|642|7|1143|27|29|11|70|16|24|1
Battagram|51|322|9|0|0|2|0|2|1|3
Buner|218|0|128|92|25|8|2|0|1|0
Charsadda|582|760|302|250|70|20|38|17|0|1
Chitral Lower|114|99|2|88|74|7|15|4|7|9
Chitral Upper|46|9|1|28|6|3|9|0|2|0
D.I. Khan|678|0|120|33|6|16|0|89|33|12
Dir Lower|777|8|405|254|0|81|28|39|20|1
Dir Upper|141|144|1|5|0|0|30|3|32|4
Hangu|137|378|315|21|67|3|6|9|8|10
Haripur|797|449|4|121|11|11|66|2|37|0
Karak|252|22|62|20|0|0|8|55|8|54
Khyber|49|0|10|14|79|10|1|6|4|12
Kohat|39|37|6|4|5|0|0|2|0|0
Kohistan Lower|89|0|2|5|0|5|0|0|0|0
Kohistan Upper|127|0|0|2|0|5|1|19|0|0
Kolai Palas|60|0|0|3|4|0|0|0|0|0
L & C Kurram|0|112|10|0|0|5|0|0|0|0
Lakki Marwat|276|17|102|66|3|9|8|13|5|2
Malakand|337|123|12|59|36|45|9|18|2|18
Mansehra|403|498|0|68|90|7|0|4|18|0
Mardan|640|56|18|700|2|16|0|1|8|0
Mohmand|62|59|87|18|19|14|10|2|0|72
Nowshera|761|67|12|4|23|15|6|23|8|9
Orakzai|6|21|3|0|0|0|0|0|0|0
Peshawar|1814|747|15|197|83|106|64|66|27|36
SD DI Khan|0|0|3|0|0|0|0|0|0|0
SD Peshawar|2|0|0|0|0|0|0|0|0|0
Shangla|158|0|140|18|0|1|13|4|36|0
SWA|35|232|32|32|52|7|6|1|0|10
Swabi|742|1082|17|229|107|11|27|16|75|0
Swat|1320|362|9|86|2|23|2|1|17|0
Tank|209|82|73|8|0|0|17|19|7|3
Tor Ghar|56|0|5|4|8|9|5|0|0|4
Upper Kurram|167|358|0|20|371|40|8|8|3|0
Total|12273|6162|3093|2500|1205|502|457|443|417|261

### 2024 9
Districts|AD (NonCholera)|ILI|Malaria|ALRI <5 Years|SARI|Measles|Typhoid|B. Diarrhea|TB|CL
Abbottabad|321|98|0|17|20|5|5|2|9|0
Bajaur|83|46|27|5|55|9|1|7|0|1
Bannu|614|50|839|51|10|14|96|10|30|0
Battagram|49|168|5|0|0|1|0|0|0|2
Buner|287|0|118|58|0|0|3|0|1|0
Charsadda|479|918|264|101|35|28|25|18|0|0
Chitral Lower|83|38|2|30|34|0|6|7|4|6
Chitral Upper|40|3|0|2|7|1|9|1|0|0
D.I. Khan|589|0|66|22|32|65|8|12|35|0
Dir Lower|561|4|316|300|0|23|43|71|18|2
Dir Upper|187|127|2|18|0|8|20|1|14|4
Hangu|152|283|320|5|0|15|5|14|10|13
Haripur|715|388|4|82|22|4|35|61|33|0
Karak|194|60|73|31|0|83|12|0|12|47
Khyber|64|0|15|52|64|2|2|9|6|4
Kohat|54|74|23|1|8|2|0|1|0|0
Kohistan Lower|93|0|0|4|2|3|0|3|0|0
Kohistan Upper|180|1|0|13|1|9|6|5|0|0
Kolai Palas|42|3|0|5|5|0|0|3|0|0
L & C Kurram|0|36|0|0|0|0|0|2|0|0
Lakki Marwat|235|20|70|48|1|9|6|7|28|1
Malakand|165|177|6|16|8|20|2|21|2|23
Mansehra|339|477|0|62|76|2|8|6|12|0
Mardan|356|2|9|444|0|0|0|12|4|0
Mohmand|51|49|57|1|8|2|2|8|1|73
Nowshera|770|151|63|2|14|33|5|8|2|17
Orakzai|13|4|3|1|0|0|0|3|0|0
Peshawar|1785|724|14|97|123|45|65|66|28|21
SD DI Khan|0|0|2|0|0|0|0|0|0|0
SD Peshawar|0|0|0|0|0|0|0|0|0|0
SD Tank|0|0|0|0|0|0|0|1|0|0
Shangla|131|0|93|14|0|0|8|0|18|0
SWA|24|179|13|29|43|0|7|7|0|11
Swabi|570|965|18|184|112|17|9|4|43|0
Swat|888|379|2|68|4|7|0|12|19|0
Tank|325|131|80|34|1|24|48|2|6|13
Tor Ghar|47|0|6|0|16|0|2|10|1|9
Upper Kurram|89|266|0|15|435|13|5|34|2|0
Total|10575|5821|2510|1812|1136|444|443|428|338|247

### 2024 10
Districts|AD (NonCholera)|ILI|Malaria|ALRI <5 Years|SARI|Measles|Typhoid|B. Diarrhea|TB|CL
Abbottabad|331|104|3|20|22|1|8|7|8|0
Bajaur|95|29|22|19|25|10|1|2|2|2
Bannu|738|4|886|80|8|8|64|30|28|2
Battagram|77|240|13|0|0|0|0|0|0|2
Buner|186|0|93|78|0|0|3|0|0|0
Charsadda|634|813|316|192|30|40|25|16|0|2
Chitral Lower|94|47|2|60|35|8|10|1|6|5
Chitral Upper|50|3|0|10|6|3|5|0|2|0
D.I. Khan|637|0|82|31|19|12|0|90|32|2
Dir Lower|623|8|418|216|0|79|42|22|16|2
Dir Upper|141|124|3|15|0|5|37|11|28|7
Hangu|145|273|307|36|4|23|8|14|7|12
Haripur|808|540|7|83|29|60|56|6|35|0
Karak|216|68|57|24|0|0|9|69|13|78
Khyber|116|55|14|38|1|11|0|5|9|10
Kohat|58|65|35|6|3|2|2|0|0|2
Kohistan Lower|114|0|0|6|100|7|0|0|0|0
Kohistan Upper|252|35|0|1|0|39|20|10|0|0
Kolai Palas|54|4|0|7|3|3|0|0|0|0
L & C Kurram|0|45|0|0|0|0|0|0|0|0
Lakki Marwat|280|8|95|37|2|8|8|13|26|0
Malakand|248|170|14|29|26|38|3|18|2|33
Mansehra|400|452|0|41|19|3|3|3|18|0
Mardan|508|23|19|652|3|13|0|0|0|0
Mohmand|78|42|75|9|10|18|8|5|0|63
Nowshera|961|42|18|0|10|13|8|38|5|9
Orakzai|8|16|3|0|10|2|0|2|0|0
Peshawar|2195|876|16|190|103|112|77|58|48|23
SD DI Khan|0|0|0|0|0|0|0|0|0|0
SD Peshawar|1|0|0|0|0|0|0|0|0|0
SD Tank|1|0|1|0|0|1|0|2|0|0
Shangla|352|0|183|18|0|4|29|6|66|2
SWA|21|375|20|51|54|10|12|0|1|27
Swabi|640|1321|21|219|112|5|10|19|58|0
Swat|1431|396|6|65|5|16|2|7|30|1
Tank|273|239|80|13|0|1|39|19|9|17
Tor Ghar|40|0|15|3|25|19|3|0|1|14
Upper Kurram|73|222|12|26|390|30|4|12|4|0
Total|12879|6639|2836|2275|1054|604|496|485|454|315

### 2024 11
Districts|AD (NonCholera)|ILI|Malaria|ALRI <5 Years|SARI|B. Diarrhea|Typhoid|TB|Measles|CL
Abbottabad|365|96|0|21|28|2|7|13|5|0
Bajaur|806|12|74|160|85|20|3|4|8|13
Bannu|768|0|1238|35|0|5|104|24|14|0
Battagram|74|250|10|0|0|0|0|0|2|4
Buner|269|0|141|75|0|1|2|3|0|0
Charsadda|640|660|277|131|77|26|30|2|4|0
Chitral Lower|138|46|2|56|25|27|9|6|0|7
Chitral Upper|60|12|4|14|10|5|9|2|0|0
D.I. Khan|770|0|90|13|6|14|0|41|88|0
Dir Lower|626|6|160|125|0|107|22|16|16|4
Dir Upper|212|92|2|22|5|1|33|24|8|6
Hangu|154|309|265|26|14|11|8|5|1|12
Haripur|689|469|7|77|2|68|44|42|6|0
Karak|230|68|58|23|0|0|8|7|74|59
Khyber|181|20|9|73|93|30|3|8|8|11
Kohat|38|64|42|0|8|5|1|0|0|0
Kohistan Lower|78|0|0|4|123|5|0|0|4|0
Kohistan Upper|344|18|0|2|134|13|18|16|4|0
Kolai Palas|52|4|0|1|3|0|0|0|0|0
L & C Kurram|1|30|0|0|0|0|0|0|0|0
Lakki Marwat|272|20|96|40|0|7|9|14|9|3
Malakand|345|122|11|26|21|43|11|5|13|22
Mansehra|492|421|0|38|35|6|10|16|0|0
Mardan|664|42|5|548|1|31|0|12|2|0
Mohmand|94|52|107|10|25|17|15|1|9|105
Nowshera|926|150|60|18|20|15|6|5|37|7
Orakzai|6|16|3|0|0|0|1|0|0|0
Peshawar|1951|770|13|100|94|94|56|31|44|33
SD DI Khan|0|0|0|0|0|0|0|0|1|0
SD Peshawar|0|0|0|0|0|0|0|0|0|0
SD Tank|0|0|4|0|0|0|1|0|0|0
Shangla|223|0|204|17|0|0|10|50|8|2
SWA|48|301|34|78|58|7|8|1|3|14
Swabi|740|1220|17|235|127|6|11|81|19|0
Swat|1320|120|8|45|2|34|0|26|2|0
Tank|422|168|70|9|0|0|39|3|26|10
Tor Ghar|66|0|22|1|10|18|0|1|2|2
Upper Kurram|89|320|0|23|415|22|4|3|7|0
Total|14153|5878|3033|2046|1421|640|482|462|424|314

### 2024 12
Districts|AD (NonCholera)|ILI|Malaria|ALRI <5 Years|SARI|B. Diarrhea|Typhoid|TB|Measles|CL
Abbottabad|412|91|0|19|23|2|8|18|5|0
Bajaur|178|20|48|2|93|8|1|1|2|11
Bannu|746|0|1397|30|0|11|82|29|14|2
Battagram|69|169|10|0|0|0|0|0|1|8
Buner|255|0|138|68|0|0|10|1|2|0
Charsadda|694|627|285|99|17|22|16|0|6|1
Chitral Lower|223|47|4|29|24|24|20|6|8|6
Chitral Upper|88|9|2|6|7|7|4|2|1|0
D.I. Khan|848|0|102|23|6|20|0|45|72|0
Dir Lower|597|0|227|166|0|86|36|17|12|2
Dir Upper|208|91|2|17|4|3|34|25|3|4
Hangu|135|272|272|30|38|8|4|5|3|10
Haripur|697|399|12|25|41|55|42|29|10|0
Karak|199|60|75|27|0|0|9|8|55|76
Khyber|171|86|20|50|11|69|19|10|6|15
Kohat|50|68|43|4|10|6|1|0|0|2
Kohistan Lower|127|0|0|4|0|9|0|0|1|0
Kohistan Upper|362|17|0|3|176|32|15|9|9|0
Kolai Palas|61|0|0|2|6|2|0|0|0|0
L & C Kurram|2|32|0|0|0|2|0|0|0|0
Lakki Marwat|312|3|94|30|0|13|12|18|14|7
Malakand|353|113|6|14|27|40|7|3|11|23
Mansehra|457|378|1|50|12|7|4|19|6|0
Mardan|893|6|8|494|1|19|0|11|6|2
Mohmand|108|64|127|6|23|30|6|2|2|107
Nowshera|1029|127|55|13|14|15|11|11|49|15
Orakzai|16|19|6|0|0|6|0|0|0|0
Peshawar|2023|793|12|127|63|95|71|26|37|20
SD Peshawar|1|0|0|0|0|0|0|0|0|0
SD Tank|8|0|12|0|0|1|1|0|0|2
Shangla|90|0|138|15|0|0|12|4|0|0
SWA|57|252|25|73|46|14|5|0|4|18
Swabi|855|1019|22|144|139|12|17|81|39|0
Swat|1127|288|16|66|6|58|0|26|1|0
Tank|454|125|81|13|0|10|59|5|13|21
Tor Ghar|65|0|18|1|23|17|3|0|1|5
Upper Kurram|87|268|9|20|438|21|3|2|4|0
Total|14057|5443|3267|1670|1248|724|512|413|397|357

### 2024 13
Districts|AD (NonCholera)|ILI|Malaria|ALRI <5 Years|SARI|B. Diarrhea|Typhoid|Measles|TB|CL
Abbottabad|418|73|0|27|25|2|9|4|21|0
Bajaur|147|38|66|5|18|14|1|2|0|9
Bannu|841|12|1375|34|0|17|87|13|22|3
Battagram|87|262|0|0|0|0|0|0|0|0
Buner|236|0|195|68|0|0|0|0|1|0
Charsadda|541|552|341|100|24|8|13|9|0|0
Chitral Lower|178|68|2|39|18|17|27|5|10|6
Chitral Upper|69|11|4|15|5|9|6|0|4|0
D.I. Khan|948|0|122|18|0|16|0|77|33|0
Dir Lower|736|1|249|164|0|107|48|19|25|5
Dir Upper|258|77|1|9|7|4|36|9|16|6
Hangu|128|200|212|7|30|9|4|0|1|2
Haripur|720|452|5|56|19|3|33|7|46|0
Karak|226|27|118|29|0|0|7|83|11|76
Khyber|164|132|43|25|14|44|12|11|10|10
Kohat|59|94|36|7|3|1|1|2|0|0
Kohistan Lower|118|0|0|4|0|3|0|2|1|0
Kohistan Upper|431|10|1|4|20|8|16|3|16|0
Kolai Palas|58|0|0|1|12|3|1|0|0|0
L & C Kurram|5|53|8|0|0|2|0|0|0|0
Lakki Marwat|390|21|101|26|0|10|6|3|13|0
Malakand|391|102|3|32|29|42|11|6|2|29
Mansehra|663|556|1|49|75|7|10|2|11|0
Mardan|549|4|7|365|1|23|2|4|10|1
Mohmand|143|74|128|3|25|15|4|9|0|101
Nowshera|1150|118|60|8|17|15|11|57|5|12
Orakzai|13|20|19|0|0|7|1|0|0|0
Peshawar|2350|622|31|79|69|70|64|29|43|25
SD Peshawar|1|0|0|0|0|0|0|0|0|0
SD Tank|26|0|52|0|0|6|0|0|0|0
Shangla|221|0|133|9|0|2|13|1|21|0
SWA|28|307|30|76|60|11|3|4|0|14
Swabi|922|1053|29|219|90|16|14|28|60|0
Swat|1481|199|19|61|3|72|0|3|20|0
Tank|420|233|102|28|0|0|43|16|6|40
Tor Ghar|56|0|40|8|17|20|2|0|1|3
Upper Kurram|105|277|1|27|353|27|4|6|4|0
Total|15277|5648|3534|1602|934|610|489|414|413|342

### 2024 14
Districts|AD (NonCholera)|ILI|Malaria|ALRI <5 Years|SARI|B. Diarrhea|Typhoid|Measles|TB|Dog Bite
Abbottabad|429|62|1|25|13|3|7|0|8|4
Bajaur|651|38|67|118|87|11|9|29|11|20
Bannu|676|0|1322|24|0|22|110|13|14|2
Buner|267|0|191|0|0|1|0|0|0|9
Charsadda|560|677|250|120|20|16|14|19|1|0
Chitral Lower|198|65|1|34|49|20|29|0|6|1
Chitral Upper|80|8|3|11|6|3|17|0|4|0
D.I. Khan|1178|0|148|24|0|15|0|92|7|0
Dir Lower|728|7|242|126|1|90|43|24|14|7
Dir Upper|35|4|0|9|0|0|0|4|0|0
Hangu|159|191|229|20|12|9|1|7|6|0
Haripur|664|360|7|56|30|43|41|2|48|0
Karak|227|38|54|21|0|0|8|90|10|14
Khyber|222|36|55|92|12|45|31|16|16|28
Kohat|55|48|51|6|7|3|1|2|0|0
Kohistan Lower|83|0|0|4|0|4|0|5|0|0
Kohistan Upper|399|55|1|3|20|5|13|4|15|6
Kolai Palas|75|0|2|1|6|1|2|3|0|0
L & C Kurram|7|18|3|0|0|4|0|0|0|0
Lakki Marwat|552|5|111|48|0|10|7|11|10|10
Malakand|491|115|8|34|10|26|20|22|5|0
Mansehra|11|0|0|0|0|0|0|0|0|0
Mardan|666|7|16|399|0|23|0|5|8|5
Mohmand|176|95|114|0|31|18|6|8|5|3
Nowshera|1337|16|30|0|0|18|7|40|4|2
Orakzai|27|10|21|0|0|10|0|0|0|1
Peshawar|2596|622|22|80|70|118|56|47|35|12
SD Peshawar|0|0|0|0|0|0|0|0|0|0
SD Tank|19|0|40|0|0|5|2|0|0|1
Shangla|275|0|309|15|0|2|26|6|43|54
SWA|35|243|30|89|71|15|9|4|1|7
Swabi|993|1118|34|149|82|13|18|30|75|59
Swat|1348|212|9|74|4|41|0|2|11|35
Tank|268|135|38|8|0|0|54|1|7|0
Tor Ghar|61|0|34|0|13|14|2|0|1|3
Upper Kurram|136|368|23|13|317|46|6|4|4|9
Total|15684|4553|3465|1603|861|654|539|490|369|292

### 2024 15
Districts|AD (Non-Cholera)|ILI|Malaria|ALRI <5 Years|SARI|B. Diarrhea|Typhoid|Measles|Dog Bite|CL
Abbottabad|207|37|3|11|13|4|7|5|3|0
Bajaur|204|7|21|55|3|2|1|6|16|4
Bannu|293|1|496|23|9|19|47|3|1|0
Battagram|1|8|0|0|0|0|0|0|0|0
Buner|126|0|61|0|0|0|0|0|14|0
Charsadda|304|285|66|52|21|14|6|3|0|1
Chitral Lower|86|16|2|7|19|13|15|0|2|3
Chitral Upper|21|4|0|2|7|1|8|0|0|0
D.I. Khan|1423|0|67|17|0|20|0|32|0|0
Dir Lower|369|3|64|58|0|31|3|6|18|0
Dir Upper|140|20|3|9|0|0|32|3|0|4
Hangu|81|96|145|11|6|10|1|5|0|25
Haripur|122|14|0|6|0|0|1|1|0|0
Karak|122|38|30|17|0|0|5|35|18|40
Khyber|42|12|8|5|2|11|4|0|0|1
Kohat|81|43|29|0|8|0|0|0|0|0
Kohistan Lower|31|0|0|3|0|5|0|0|1|2
Kohistan Upper|129|6|0|1|0|1|3|2|3|0
Kolai Palas|24|0|1|0|7|0|4|0|0|0
L & C Kurram|1|0|0|0|0|1|0|0|0|0
Lakki Marwat|273|18|49|14|0|10|2|3|3|0
Malakand|295|0|9|30|24|14|10|0|0|12
Mansehra|332|250|0|119|5|13|8|1|0|0
Mardan|250|3|3|229|0|16|0|1|4|0
Mohmand|111|40|79|5|21|10|2|0|1|29
Nowshera|603|21|8|1|2|9|7|23|1|4
Orakzai|13|10|6|0|0|4|0|0|3|0
Peshawar|980|197|5|23|22|53|24|27|3|15
SD Peshawar|0|0|0|0|0|0|0|0|0|0
SD Tank|23|0|18|0|0|3|0|0|0|0
Shangla|296|0|183|18|0|0|1|4|6|2
SWA|29|7|15|13|7|16|3|0|8|0
Swabi|503|554|14|85|62|5|9|23|3|0
Swat|697|214|5|12|15|45|0|1|48|0
Tank|351|218|37|9|0|0|31|10|0|10
Tor Ghar|30|0|20|0|10|15|2|0|8|2
Upper Kurram|64|339|10|16|320|22|1|6|10|0
Total|8657|2461|1457|851|583|367|237|200|174|154

### 2024 16
Districts|AD (NonCholera)|ILI|Malaria|ALRI <5 Years|SARI|B. Diarrhea|Typhoid|TB|Measles|CL
Abbottabad|507|51|5|22|20|5|5|22|16|0
Bajaur|85|17|18|3|48|11|2|1|0|2
Bannu|776|10|1428|11|0|31|94|31|15|2
Battagram|45|145|0|0|0|0|0|0|0|0
Buner|278|0|178|0|40|0|7|0|2|0
Charsadda|606|680|367|55|68|27|10|0|6|1
Chitral Lower|190|52|10|39|21|25|23|9|5|6
Chitral Upper|78|6|3|7|8|5|13|1|0|0
D.I. Khan|1841|0|194|12|24|38|0|25|59|2
Dir Lower|721|3|304|126|0|65|46|15|14|1
Dir Upper|263|71|4|14|0|1|41|17|4|4
Hangu|117|202|330|0|9|8|1|1|0|5
Haripur|1066|338|8|68|18|158|35|42|3|0
Karak|256|25|75|26|0|0|10|8|46|57
Khyber|208|67|50|12|23|42|48|23|3|12
Kohat|65|38|48|1|3|1|0|0|0|0
Kohistan Lower|83|0|0|4|0|5|0|0|0|0
Kohistan Upper|524|26|0|10|0|33|10|29|3|0
Kolai Palas|84|0|0|14|10|7|8|1|0|0
L & C Kurram|16|57|0|0|0|2|0|0|0|0
Lakki Marwat|600|17|162|11|0|18|7|15|12|2
Malakand|444|101|10|51|11|41|18|1|6|8
Mansehra|567|549|0|37|21|20|13|10|4|0
Mardan|464|0|9|499|0|22|0|4|2|0
Mohmand|140|78|119|3|23|22|4|0|1|90
Nowshera|1495|13|17|5|2|20|10|13|29|11
Orakzai|27|8|12|0|0|4|0|0|1|0
Peshawar|2382|452|23|61|62|95|53|29|37|2
SD Peshawar|2|0|0|0|0|0|0|0|0|0
SD Tank|22|0|46|0|0|5|0|0|0|0
Shangla|325|0|267|142|0|0|12|16|2|3
SWA|65|351|44|105|114|15|17|0|4|42
Swabi|1204|1020|32|126|73|12|7|10|39|0
Swat|1459|291|13|76|14|42|0|15|5|0
Tank|350|219|69|17|0|1|60|6|0|32
Tor Ghar|45|0|31|1|11|13|3|0|2|5
Upper Kurram|141|395|45|20|413|45|5|6|5|0
Total|17541|5282|3921|1578|1036|839|562|350|325|287

### 2024 17
Districts|AD (NonCholera)|ILI|Malaria|ALRI <5 Years|SARI|B. Diarrhea|Typhoid|TB|CL|Measles
Abbottabad|532|57|0|22|26|7|14|18|0|12
Bajaur|205|34|88|3|15|18|0|0|0|5
Bannu|919|4|1569|15|21|33|80|16|0|17
Battagram|50|106|0|0|0|0|0|0|0|0
Buner|438|0|205|0|0|5|6|4|0|0
Charsadda|785|645|486|121|6|27|19|1|0|0
Chitral Lower|243|30|9|32|24|19|15|8|2|2
Chitral Upper|103|6|1|5|8|6|10|2|0|1
D.I. Khan|2098|0|198|3|13|23|0|31|9|74
Dir Lower|936|5|375|144|0|77|52|18|1|19
Dir Upper|383|74|3|15|0|6|42|24|4|1
Hangu|203|342|369|38|30|6|7|2|14|2
Haripur|1231|536|12|50|28|97|28|31|0|10
Karak|283|44|140|22|0|0|7|8|79|45
Khyber|250|34|82|7|23|64|45|14|22|4
Kohat|89|73|94|7|18|0|0|0|0|0
Kohistan Lower|122|0|9|4|0|10|0|0|0|0
Kohistan Upper|290|40|0|6|0|28|24|0|0|1
Kolai Palas|91|0|3|8|12|10|1|1|0|0
L & C Kurram|15|50|0|0|0|3|0|0|0|0
Lakki Marwat|803|40|171|9|0|29|8|15|3|5
Malakand|577|41|9|35|15|40|8|1|28|14
Mansehra|693|637|13|47|61|9|12|6|0|3
Mardan|528|0|11|870|0|17|0|1|0|2
Mohmand|198|56|159|4|31|21|4|4|139|3
Nowshera|1928|79|37|2|15|25|4|14|16|28
Orakzai|45|20|25|0|0|6|0|0|0|0
Peshawar|3927|615|22|37|60|219|75|32|3|45
SD Peshawar|1|0|0|0|0|0|0|0|0|0
SD Tank|21|0|48|0|0|0|0|0|0|0
Shangla|611|0|573|25|0|14|43|83|2|4
SWA|67|486|60|87|160|17|25|0|29|4
Swabi|1349|709|48|344|48|30|16|69|0|36
Swat|1725|181|12|69|13|53|0|17|0|5
Tank|504|125|80|23|0|11|88|8|18|19
Tor Ghar|76|0|63|0|19|18|3|0|5|0
Upper Kurram|120|459|28|14|495|75|4|2|0|9
Total|22439|5528|5002|2068|1141|1023|640|430|374|370

### 2024 18
Districts|AD (NonCholera)|ILI|Malaria|SARI|ALRI <5 Years|B. Diarrhea|Typhoid|TB|Measles|Dog Bite
Abbottabad|518|43|4|16|15|4|17|12|16|4
Bajaur|145|30|85|312|55|211|10|9|10|21
Bannu|763|0|1316|19|19|35|73|33|23|1
Battagram|96|254|0|0|0|0|0|0|0|0
Buner|338|0|216|0|0|0|7|2|0|4
Chitral Lower|178|25|3|23|25|12|25|4|2|15
Chitral Upper|78|5|3|4|4|4|17|1|1|1
D.I. Khan|2208|0|258|0|3|33|4|38|88|1
Dir Lower|890|0|324|0|159|55|56|20|8|10
Dir Upper|346|71|8|0|5|6|28|20|7|0
Hangu|6|5|11|0|0|0|1|0|0|0
Haripur|1206|233|17|39|66|32|33|15|16|0
Karak|277|16|136|0|14|0|9|11|41|26
Khyber|265|44|126|9|14|48|50|14|2|30
Kohat|65|51|66|7|2|3|4|0|0|2
Kohistan Lower|108|0|1|0|4|6|0|0|2|0
Kohistan Upper|482|66|3|8|14|31|39|39|0|0
Kolai Palas|64|0|6|4|17|3|4|0|0|0
L & C Kurram|6|44|6|0|0|3|1|0|0|0
Lakki Marwat|717|30|129|0|5|23|5|17|6|20
Malakand|621|48|12|8|36|61|12|4|20|0
Mansehra|599|825|3|23|53|12|20|13|3|48
Mardan|477|0|5|0|308|18|0|8|0|1
Mohmand|199|81|141|31|6|48|9|2|3|6
Nowshera|2007|57|60|7|0|16|4|13|22|5
Orakzai|45|15|25|0|0|4|1|1|0|0
Peshawar|3990|776|40|73|67|211|51|30|41|4
SD Peshawar|1|0|2|0|0|0|0|0|0|0
SD Tank|18|0|35|0|0|0|0|0|0|0
Shangla|307|0|318|0|8|2|16|38|3|27
SWA|62|261|77|136|71|21|24|0|0|3
Swabi|1487|950|39|94|113|12|11|58|36|16
Swat|1811|90|14|12|56|80|0|17|1|73
Tank|185|2|37|0|0|0|1|0|1|0
Tor Ghar|62|0|32|6|0|20|7|2|0|9
Upper Kurram|104|286|23|573|59|25|14|3|6|14
Total|20731|4308|3581|1404|1198|1039|553|424|358|341

### 2025 31
Districts|AD (noncholera)|Malaria|ILI|Dog Bite|B. Diarrhea|SARI|Typhoid|ALRI < 5 years|CL|TB
Abbottabad|1957|0|77|25|14|0|15|12|0|12
Bajaur|963|399|0|105|92|36|4|5|21|15
Bannu|747|1345|0|5|12|2|95|5|0|22
Battagram|918|110|675|12|6|2|5|4|1|26
Buner|422|305|0|0|0|0|8|0|0|0
Charsadda|3054|407|1178|11|98|125|79|268|0|8
Chitral Lower|994|11|27|8|25|9|2|14|8|3
Chitral Upper|225|11|14|6|6|19|14|4|0|1
D.I. Khan|1849|445|0|63|28|0|3|7|2|26
Dir Lower|2539|164|0|78|89|0|49|9|0|7
Dir Upper|3111|13|18|31|42|0|22|40|1|2
Hangu|167|116|73|0|2|0|3|0|25|0
Haripur|1372|0|12|21|0|0|0|6|0|0
Karak|621|197|77|91|7|0|8|19|200|7
Khyber|1105|1566|44|46|125|342|82|139|58|18
Kohat|1206|207|3|31|31|2|19|0|18|0
Kohistan Lower|185|2|3|0|14|0|0|0|0|0
Kohistan Upper|241|8|0|1|26|0|1|0|0|0
Kolai Palas|102|1|12|0|11|0|3|2|0|0
L & C Kurram|5|6|2|0|8|0|1|0|0|0
Lakki Marwat|920|429|0|70|7|0|12|0|0|7
Malakand|1245|34|28|0|0|0|27|0|5|0
Mansehra|992|6|150|0|3|0|14|0|0|1
Mardan|1464|123|8|79|19|0|21|19|1|1
Mohmand|331|266|84|8|23|151|4|2|48|3
North Waziristan|147|130|6|1|11|0|21|9|1|1
Nowshera|2735|350|29|7|21|9|37|5|15|28
Orakzai|144|44|4|6|10|0|0|0|0|0
Peshawar|5617|127|315|11|174|26|178|14|0|16
SD Tank|25|8|1|0|3|0|2|0|0|0
Shangla|2961|871|0|82|11|0|23|8|0|84
SW (L)|50|44|52|0|0|0|6|3|0|13
SW(U)|65|44|28|0|2|10|0|9|2|0
Swabi|2098|85|563|236|26|59|56|58|0|29
Swat|6203|68|89|132|72|9|23|55|0|16
Tank|658|184|39|1|16|0|1|5|0|5
Tor Ghar|134|84|2|9|36|21|5|0|0|7
Upper Kurram|255|17|93|6|48|52|11|5|0|2
Total|47827|8227|3706|1182|1118|874|854|726|406|360

### 2025 32
Districts|AD (NonCholera)|Malaria|ILI|SARI|B. Diarrhea|Dog Bite|ALRI < 5 years|Typhoid|TB|CL
Abbottabad|2057|1|84|5|29|15|16|13|18|0
Bajaur|998|375|0|34|77|56|5|0|10|7
Bannu|1013|1827|0|0|19|5|6|78|12|0
Battagram|768|130|671|4|8|13|NR|2|39|NR
Buner|497|345|0|0|0|10|0|6|2|0
Charsadda|2882|516|1366|190|101|22|308|60|14|0
Chitral Lower|1112|25|14|14|21|17|18|7|3|8
Chitral Upper|280|9|40|10|10|6|7|17|2|2
D.I. Khan|2169|1045|0|0|48|58|2|5|13|2
Dir Lower|2461|104|0|0|114|33|8|38|1|4
Dir Upper|2468|12|17|0|34|11|81|12|3|3
Hangu|205|87|76|0|0|0|43|10|0|18
Haripur|1391|0|11|0|0|29|14|0|0|0
Karak|949|362|58|0|16|85|14|7|10|201
Khyber|876|833|50|437|142|38|115|133|45|39
Kohat|1288|310|8|3|33|35|3|16|0|9
Kohistan Lower|211|7|0|0|9|3|0|0|1|4
Kohistan Upper|282|9|0|0|23|2|0|3|0|0
Kolai Palas|114|0|0|0|6|0|0|0|2|0
L & C Kurram|38|23|17|71|11|0|3|11|0|0
Lakki Marwat|1053|565|0|0|8|76|2|18|5|0
Malakand|1364|45|30|0|0|0|0|20|3|3
Mansehra|1113|7|111|0|0|0|0|0|1|0
Mardan|1397|149|3|0|22|10|9|15|6|0
Mohmand|239|353|107|187|31|18|2|6|3|42
North Waziristan|109|149|0|11|19|1|9|19|3|14
Nowshera|3237|369|47|3|30|17|3|31|22|13
Orakzai|164|44|10|0|8|7|0|0|0|0
Peshawar|5213|112|465|0|109|22|24|170|24|2
SD Tank|22|13|3|0|7|0|0|3|0|0
Shangla|2727|583|0|0|19|79|7|25|73|0
South Waziristan (Lower)|68|87|89|8|0|10|26|10|8|7
South Waziristan (Upper)|66|122|19|5|9|0|6|10|0|0
Swabi|2033|86|515|60|31|207|57|60|35|0
Swat|5118|83|121|0|24|146|112|5|19|0
Tank|718|273|43|0|10|4|10|5|6|0
Tor Ghar|157|81|4|27|38|8|2|6|2|2
Upper Kurram|264|21|103|42|38|7|5|10|5|0
Total|47121|9162|4082|1111|1104|1050|917|831|390|380

### 2025 33
Districts|AD (noncholera)|Malaria|ILI|Dog Bite|B. Diarrhea|Typhoid|ALRI < 5 years|SARI|CL|AVH (A & E)
Abbottabad|1537|4|78|49|10|31|12|5|0|0
Bajaur|727|272|0|80|65|4|2|23|10|6
Bannu|852|1391|5|2|17|74|9|4|0|0
Battagram|636|105|524|8|6|17|0|2|0|0
Buner|320|217|0|0|0|0|0|0|0|0
Charsadda|2639|512|1197|12|87|64|208|84|0|52
Chitral Lower|1146|28|16|15|26|8|13|8|17|3
Chitral Upper|346|9|36|5|6|28|8|17|0|3
D.I. Khan|2024|920|0|23|25|6|3|0|2|0
Dir Lower|1909|154|0|29|87|37|6|0|6|13
Dir Upper|2745|17|13|13|55|18|94|0|2|2
Hangu|149|116|82|1|0|1|80|0|25|0
Haripur|1095|0|6|10|0|0|18|0|0|0
Karak|770|348|51|51|20|5|24|0|221|8
Khyber|891|979|39|84|137|129|43|5|38|20
Kohat|899|228|0|25|23|22|0|1|2|3
Kohistan Lower|166|1|0|0|16|1|3|3|0|0
Kohistan Upper|216|6|1|0|21|5|6|13|0|0
L & C Kurram|40|11|2|5|4|18|2|27|0|0
Lakki Marwat|1003|584|0|73|6|15|1|0|0|0
Malakand|1307|48|32|0|0|21|0|0|0|61
Mansehra|1369|8|161|0|3|12|0|0|0|2
Mardan|1500|182|140|210|46|19|35|0|1|0
Mohmand|230|307|105|18|30|5|2|219|48|1
North Waziristan|77|143|0|4|25|21|15|7|3|0
Nowshera|2684|334|16|6|33|21|21|5|1|24
Orakzai|114|22|5|6|11|0|0|0|0|0
Peshawar|4302|96|231|16|90|132|12|1|2|5
Shangla|1527|670|0|33|10|18|0|0|0|0
South Waziristan (Lower)|70|83|89|20|1|9|19|20|15|0
South Waziristan (Upper)|36|82|14|0|1|10|3|0|8|0
Swabi|534|55|469|163|6|34|42|54|0|14
Swat|4564|53|70|106|46|37|39|0|0|8
Tank|560|257|35|0|5|0|5|0|0|0
Tor Ghar|115|67|0|10|25|3|7|16|2|2
Upper Kurram|162|13|66|5|33|13|4|36|0|0
Total|39261|8322|3483|1082|976|838|736|550|403|227

### 2025 34
Districts|AD (NonCholera)|Malaria|ILI|B. Diarrhea|ALRI < 5 years|Dog Bite|Typhoid|SARI|CL|AVH (A & E)
Abbottabad|1602|1|9|12|12|26|22|3|0|0
Bajaur|1056|446|57|100|2|74|5|46|10|25
Bannu|969|1646|5|23|6|2|115|1|0|8
Battagram|812|154|587|5|6|10|5|3|NR|NR
Buner|398|307|0|0|0|31|6|0|0|3
Charsadda|2617|518|1257|106|217|16|77|90|0|56
Chitral Lower|1124|37|24|24|14|19|7|13|8|0
Chitral Upper|305|8|38|16|24|1|13|12|0|1
D.I. Khan|2001|706|0|18|0|27|4|0|0|0
Dir Lower|2031|183|1|99|11|23|37|0|0|14
Dir Upper|2224|13|29|31|59|13|10|0|0|5
Hangu|230|165|80|18|72|0|6|0|21|0
Haripur|1377|0|21|0|6|31|0|0|0|0
Karak|816|323|41|16|18|39|4|0|174|7
Khyber|1032|715|65|155|195|80|110|14|61|15
Kohat|951|344|0|31|0|40|24|1|15|2
Kohistan Lower|223|1|5|2|3|0|0|0|0|0
Kohistan Upper|319|11|0|33|0|4|0|0|0|1
Kolai Palas|97|3|10|9|2|0|2|2|0|0
L & C Kurram|11|12|5|29|0|0|1|0|0|0
Lakki Marwat|1034|605|0|7|0|75|16|0|0|0
Malakand|1600|26|37|0|0|1|18|0|6|102
Mansehra|1264|9|158|1|0|0|34|0|0|1
Mardan|1475|263|3|73|37|18|22|0|0|0
Mohmand|215|355|71|31|1|10|14|200|59|1
North Waziristan|45|109|0|24|42|1|24|15|2|0
Nowshera|2663|474|66|33|21|8|28|6|2|30
Orakzai|133|57|7|17|0|7|0|0|0|0
Peshawar|5129|97|316|127|18|26|147|1|2|11
Shangla|724|719|0|0|0|10|21|0|0|0
South Waziristan (Lower)|76|96|93|1|48|17|10|14|21|0
South Waziristan (Upper)|71|125|21|5|4|0|0|19|0|0
Swabi|1590|126|465|15|39|173|49|12|0|20
Swat|4551|41|273|59|84|113|45|5|0|26
Tank|581|240|42|12|11|0|0|0|0|0
Tor Ghar|130|81|4|25|0|5|2|17|3|0
Upper Kurram|192|17|99|42|2|8|11|41|0|0
Total|41668|9033|3889|1199|954|908|889|515|384|328

### 2025 35
Districts|AD (noncholera)|Malaria|ILI|B. Diarrhea|Dog Bite|ALRI < 5 years|Typhoid|SARI|TB|CL
Abbottabad|1325|3|58|18|96|9|24|0|9|0
Bajaur|943|369|54|154|86|8|3|38|13|10
Bannu|1055|1515|3|23|4|5|63|3|15|0
Battagram|607|141|714|2|7|0|5|0|32|1
Buner|430|222|0|0|0|0|1|0|0|0
Charsadda|2483|530|1203|109|1|231|47|1|7|1
Chitral Lower|818|42|23|9|14|16|5|15|5|6
Chitral Upper|255|11|29|16|2|11|16|11|2|1
D.I. Khan|1982|642|0|21|21|12|7|0|11|1
Dir Lower|2113|209|0|94|35|7|34|0|2|5
Dir Upper|2046|14|22|38|21|73|15|0|4|2
Hangu|175|109|101|2|1|69|5|0|2|23
Haripur|1740|5|222|0|16|18|6|5|3|0
Karak|722|309|35|15|55|22|12|0|10|156
Khyber|679|631|43|173|41|119|62|4|8|35
Kohat|1031|249|0|46|42|2|12|0|1|8
Kohistan Lower|186|0|3|0|0|0|0|0|0|0
Kohistan Upper|332|39|1|17|0|0|0|0|1|0
Kolai Palas|95|8|8|8|0|1|1|4|1|0
L & C Kurram|36|16|0|9|3|2|2|1|0|0
Lakki Marwat|1037|538|0|13|73|0|18|0|7|0
Malakand|1507|68|30|0|0|0|13|0|3|3
Mansehra|647|0|94|0|0|0|12|0|0|0
Mardan|1433|309|17|35|79|55|21|0|3|0
Mohmand|230|373|88|24|7|1|7|152|4|26
North Waziristan|62|134|0|14|0|22|20|6|2|0
Nowshera|3105|558|12|19|10|1|19|5|26|2
Orakzai|148|72|8|15|4|0|0|0|0|0
Peshawar|5476|119|394|158|8|12|166|0|17|1
Shangla|1852|1195|3|18|51|14|46|0|81|0
South Waziristan (Lower)|72|82|132|0|25|45|11|23|11|13
South Waziristan (Upper)|20|16|5|1|0|0|0|11|0|0
Swabi|1788|126|538|26|148|41|58|17|37|0
Swat|4384|96|444|47|130|81|46|4|6|0
Tank|569|202|44|8|0|8|0|0|5|0
Tor Ghar|153|99|1|21|6|4|6|31|0|4
Upper Kurram|214|21|141|42|12|4|14|61|3|0
Total|41750|9072|4470|1195|998|893|777|392|331|298

### 2025 36
Districts|AD (NonCholera)|Malaria|ILI|B. Diarrhea|Dog Bite|Typhoid|ALRI < 5 years|CL|SARI|VH (B, C & D)
Abbottabad|864|1|69|1|12|14|2|0|0|0
Bajaur|806|428|53|86|90|3|6|7|46|13
Bannu|926|1288|3|19|1|75|5|0|0|0
Battagram|481|74|239|1|0|10|0|0|0|0
Buner|262|101|0|0|0|0|0|0|0|0
Charsadda|2560|454|1215|171|0|130|242|1|11|222
Chitral Lower|797|30|40|9|20|7|8|5|6|3
Chitral Upper|263|13|20|2|0|19|6|0|8|0
D.I. Khan|1553|485|0|16|13|0|4|0|0|0
Dir Lower|1897|221|0|87|19|2|11|0|0|1
Dir Upper|1789|13|15|28|26|9|27|2|0|0
Hangu|167|80|30|0|0|14|55|33|0|0
Haripur|1336|6|337|0|9|6|28|0|3|15
Karak|683|281|38|33|49|5|29|175|0|0
Khyber|508|802|49|172|37|71|28|86|14|12
Kohat|915|283|0|41|25|14|9|37|0|1
Kohistan Lower|176|2|3|8|0|0|4|1|0|0
Kohistan Upper|290|26|1|16|0|1|4|0|2|0
Kolai Palas|NR|NR|NR|NR|NR|NR|NR|NR|NR|NR
L & C Kurram|18|4|1|3|1|4|2|0|0|0
Lakki Marwat|799|459|6|10|72|7|0|0|0|0
Malakand|497|40|35|0|0|14|0|2|0|0
Mansehra|642|7|165|2|0|32|0|0|0|0
Mardan|986|180|6|28|9|12|9|0|0|0
Mohmand|152|282|69|17|10|4|0|46|180|1
North Waziristan|93|135|0|1|0|23|18|0|0|0
Nowshera|2640|543|47|9|6|17|11|10|10|6
Orakzai|152|46|6|9|2|0|0|0|0|0
Peshawar|4486|75|376|93|6|144|15|1|1|20
Shangla|1821|1146|20|10|91|16|12|0|0|1
South Waziristan (Lower)|118|99|99|1|28|10|29|13|52|2
South Waziristan (Upper)|55|96|16|4|0|0|6|8|8|0
Swabi|1380|120|519|22|173|39|43|0|13|22
Swat|3663|101|478|29|115|40|82|0|2|8
Tank|549|146|47|15|0|11|5|0|0|0
Tor Ghar|94|101|0|21|8|2|3|26|17|0
Upper Kurram|124|15|70|39|7|8|2|0|28|1
Total|34542|8183|4072|1003|829|763|705|453|401|328

### 2025 37
Districts|AD (NonCholera)|Malaria|ILI|B. Diarrhea|Dog Bite|ALRI < 5 years|Typhoid|Dengue|SARI|CL
Abbottabad|1381|0|135|12|97|9|16|29|2|0
Bajaur|736|398|53|102|110|5|4|10|44|15
Bannu|970|1455|3|16|3|6|93|17|8|0
Battagram|0|7|0|4|0|10|5|15|3|0
Buner|495|230|0|0|0|0|6|0|0|0
Charsadda|4050|481|1651|129|17|438|44|360|4|0
Chitral Lower|781|46|20|15|13|12|10|0|9|12
Chitral Upper|241|9|29|5|4|5|12|0|9|0
D.I. Khan|2011|739|0|32|10|6|3|1|0|1
Dir Lower|2021|250|1|89|27|9|37|3|0|0
Dir Upper|2233|15|32|35|21|74|12|0|1|2
Hangu|225|128|133|0|0|0|4|17|0|43
Haripur|1665|6|399|0|18|10|2|37|3|0
Karak|838|381|48|37|35|37|7|0|0|198
Khyber|855|921|48|169|54|101|68|2|5|27
Kohat|989|423|0|28|25|5|28|1|0|6
Kohistan Lower|164|4|1|8|2|0|0|0|0|0
Kohistan Upper|336|69|0|23|0|0|3|144|1|0
Kolai Palas|81|1|6|10|0|2|0|0|0|0
L & C Kurram|52|1|0|8|0|4|14|0|0|0
Lakki Marwat|980|621|0|15|79|0|13|1|0|0
Malakand|817|56|40|0|0|0|0|0|0|2
Mansehra|1025|21|271|0|0|8|21|0|0|0
Mardan|1220|549|17|30|17|37|20|9|0|1
Mohmand|163|298|67|16|13|1|5|1|176|39
North Waziristan|46|64|0|0|0|15|16|0|0|0
Nowshera|2805|671|53|14|3|5|16|9|2|18
Orakzai|101|30|6|5|0|0|0|0|0|0
Peshawar|5069|83|461|84|4|19|193|66|1|0
Shangla|1399|1127|0|12|114|3|18|2|0|0
South Waziristan (Lower)|72|101|76|1|18|20|13|0|34|18
South Waziristan (Upper)|79|87|16|3|0|0|2|1|14|0
Swabi|1659|173|641|25|162|56|46|35|56|0
Swat|3898|141|416|105|126|65|57|9|11|0
Tank|565|203|54|7|0|8|0|0|0|0
Tor Ghar|100|83|0|24|7|2|1|0|11|0
Upper Kurram|204|22|106|46|6|2|15|0|45|0
Total|40326|9894|4783|1109|985|974|804|769|439|382

### 2025 38
Districts|AD (noncholera)|Malaria|ILI|Typhoid|B. Diarrhea|Dog Bite|ALRI < 5 years|Dengue|SARI|TB
Abbottabad|1234|1|136|22|7|77|9|68|0|14
Bajaur|695|426|49|5|117|81|4|9|29|11
Bannu|943|1342|4|96|12|13|5|8|0|11
Battagram|474|164|581|0|10|0|4|13|3|38
Buner|304|193|0|6|0|0|0|0|0|0
Charsadda|2437|543|1614|153|182|10|244|71|2|8
Chitral Lower|680|69|9|10|20|13|12|2|9|9
Chitral Upper|223|10|33|21|8|3|2|0|10|3
D.I. Khan|2098|997|0|0|34|13|4|0|0|8
Dir Lower|1741|245|1|33|77|29|8|12|0|2
Dir Upper|1636|25|45|17|39|15|52|0|0|3
Hangu|294|289|226|12|11|8|5|21|0|19
Haripur|1441|9|320|3|0|6|7|46|4|3
Karak|716|296|72|9|11|26|18|0|0|6
Khyber|779|720|53|155|211|67|55|0|5|19
Kohat|926|503|0|14|18|36|3|3|0|0
Kohistan Lower|218|2|0|0|12|2|0|1|0|0
Kohistan Upper|327|53|0|2|35|0|0|0|0|2
Kolai Palas|68|6|12|2|12|0|0|16|0|0
L & C Kurram|38|27|0|7|7|1|21|0|4|0
Lakki Marwat|931|859|0|18|13|75|0|1|0|9
Malakand|1068|52|50|9|0|0|0|0|0|3
Mansehra|1105|12|314|24|2|1|11|124|0|13
Mardan|971|346|17|10|16|90|19|29|0|10
Mohmand|161|374|71|6|20|10|4|1|251|3
North Waziristan|34|85|14|34|16|1|27|31|25|4
Nowshera|2700|778|7|13|9|3|7|14|9|28
Orakzai|75|30|8|0|5|0|0|0|0|0
Peshawar|4929|81|477|203|101|9|20|43|2|23
Shangla|1688|1158|0|105|12|80|3|2|0|80
South Waziristan (Lower)|70|71|131|15|2|23|16|2|28|8
South Waziristan (Upper)|83|89|17|0|6|0|8|0|17|0
Swabi|1311|155|375|58|17|142|39|52|51|7
Swat|3523|155|411|73|46|99|79|72|2|11
Tank|585|237|49|2|10|1|6|0|0|4
Tor Ghar|89|80|0|6|18|11|1|0|24|0
Upper Kurram|165|23|116|15|33|2|4|0|83|2
Total|36760|10505|5212|1158|1149|947|697|641|558|361

### 2025 39
Districts|AD (NonCholera)|Malaria|ILI|ALRI < 5 years|B. Diarrhea|Dog Bite|Dengue|Typhoid|SARI|CL
Abbottabad|1286|1|122|16|11|109|77|21|4|1
Bajaur|620|482|79|7|74|118|13|1|61|13
Bannu|1038|1717|0|5|10|0|6|69|0|0
Battagram|472|197|629|6|1|8|25|0|0|3
Buner|354|212|0|0|0|9|0|8|0|0
Charsadda|2234|571|1867|648|110|8|179|37|3|0
Chitral Lower|694|38|21|10|12|18|2|7|9|8
Chitral Upper|203|11|36|4|5|1|0|14|10|1
D.I. Khan|2251|1466|0|11|39|16|1|0|0|3
Dir Lower|1827|202|1|8|69|28|22|6|0|1
Dir Upper|1595|21|23|64|33|24|0|11|1|2
Hangu|382|156|227|0|3|7|5|12|0|45
Haripur|1316|2|382|16|0|20|36|10|4|0
Karak|679|373|111|26|29|20|3|7|0|145
Khyber|836|774|79|37|259|44|10|84|6|43
Kohat|865|428|0|11|19|31|0|18|0|13
Kohistan Lower|120|1|0|0|3|0|16|0|0|0
Kohistan Upper|395|78|0|1|29|0|0|7|5|0
Kolai Palas|116|12|0|0|8|0|20|4|3|0
L & C Kurram|37|15|6|0|10|0|0|0|2|0
Lakki Marwat|965|1184|3|0|19|78|8|14|0|0
Malakand|1532|101|62|0|0|0|0|6|0|5
Mansehra|1142|16|428|17|9|0|54|31|0|0
Mardan|1452|432|9|41|53|8|11|19|1|0
Mohmand|132|391|44|1|17|13|2|5|63|56
North Waziristan|35|80|0|23|15|1|15|19|26|5
Nowshera|2762|861|9|8|14|4|8|18|12|20
Orakzai|109|21|0|0|1|0|0|0|0|0
Peshawar|5047|81|476|26|76|8|80|125|5|0
Shangla|1230|839|0|0|10|22|2|65|0|0
South Waziristan (Lower)|78|66|169|15|1|18|0|16|49|15
South Waziristan (Upper)|55|95|31|7|4|1|0|0|15|12
Swabi|1467|175|536|63|19|168|58|32|44|0
Swat|3271|111|407|97|89|130|80|34|1|0
Tank|665|334|54|5|12|1|0|1|0|0
Tor Ghar|109|102|0|3|24|19|2|0|27|1
Upper Kurram|212|27|139|3|35|6|0|10|48|0
Total|37583|11673|5950|1179|1122|938|735|711|399|392

### 2025 41
Districts|AD (NonCholera)|Malaria|ILI|ALRI < 5 years|Dog Bite|B. Diarrhea|Dengue|Typhoid|SARI|TB
Abbottabad|926|0|200|83|82|7|51|12|7|10
Bajaur|560|285|102|5|85|77|11|3|84|8
Bannu|880|1749|5|5|4|24|25|82|4|14
Battagram|322|128|703|0|5|13|27|2|0|36
Buner|236|252|0|0|7|0|0|5|0|1
Charsadda|1904|458|1767|423|19|98|196|149|4|16
Chitral Lower|475|21|21|18|11|11|2|4|19|4
Chitral Upper|145|6|41|15|2|5|1|11|10|2
D.I. Khan|1898|1048|0|8|15|22|2|0|0|2
Dir Lower|1765|117|0|6|50|74|21|27|0|4
Dir Upper|1190|18|66|58|14|20|2|13|3|3
Hangu|333|146|366|9|9|3|13|5|0|7
Haripur|939|10|360|28|20|10|65|26|9|6
Karak|517|253|8|47|65|14|1|4|0|5
Khyber|761|687|58|67|50|128|0|67|5|9
Kohat|680|273|0|1|33|15|2|12|0|0
Kohistan Lower|131|12|5|0|1|3|0|0|0|0
Kohistan Upper|311|14|0|67|0|7|7|4|6|14
Kolai Palas|91|6|6|6|0|9|1|3|0|1
L & C Kurram|20|0|0|1|3|10|0|3|0|0
Lakki Marwat|986|852|0|0|68|7|18|12|0|8
Malakand|917|46|67|0|0|0|0|5|0|3
Mansehra|716|11|254|19|61|5|32|10|0|7
Mardan|1371|311|41|83|6|74|22|15|2|10
Mohmand|96|289|51|1|9|14|7|4|109|2
North Waziristan|39|118|17|15|0|12|27|21|0|2
Nowshera|2346|632|20|19|14|14|19|19|13|22
Orakzai|53|24|4|0|0|1|0|0|0|0
Peshawar|4456|66|483|59|3|89|125|78|10|24
Shangla|1106|652|0|17|126|6|5|24|0|66
South Waziristan (Lower)|107|39|156|11|8|5|2|16|36|6
South Waziristan (Upper)|53|49|32|9|0|2|0|0|10|0
Swabi|1255|131|594|88|145|17|35|51|2|33
Swat|2399|134|348|131|125|47|78|55|0|6
Tank|678|462|53|5|0|20|0|0|0|9
Tor Ghar|71|90|0|5|9|18|1|2|23|1
Upper Kurram|182|19|102|3|4|43|3|10|36|2
Total|30915|9408|5930|1312|1053|924|801|754|392|343

### 2025 42
Districts|AD (NonCholera)|Malaria|ILI|ALRI < 5 years|B. Diarrhea|Dog Bite|Typhoid|Dengue|SARI|CL
Abbottabad|728|2|201|86|4|86|9|65|6|0
Bajaur|633|226|79|11|78|69|29|13|66|11
Bannu|854|1652|8|8|22|2|107|26|0|0
Battagram|234|151|747|0|0|10|1|2|0|0
Buner|176|172|0|0|0|7|8|0|0|0
Charsadda|1956|507|1791|305|80|19|24|55|0|1
Chitral Lower|466|14|10|14|7|19|6|2|8|2
Chitral Upper|137|8|40|12|11|3|14|0|12|1
D.I. Khan|2077|905|0|10|36|16|0|0|0|1
Dir Lower|1695|168|0|7|56|43|28|25|0|0
Dir Upper|1087|21|54|83|32|17|10|2|2|2
Hangu|226|127|384|3|0|11|8|17|0|84
Haripur|992|18|448|33|8|13|32|49|12|0
Karak|466|339|25|39|19|29|7|8|0|160
Khyber|753|724|28|43|129|24|63|12|6|37
Kohat|463|271|6|8|9|24|10|27|0|21
Kohistan Lower|155|4|5|0|5|2|0|0|0|0
Kohistan Upper|281|10|0|0|26|0|0|19|0|0
Kolai Palas|104|2|0|0|7|0|0|0|2|0
L & C Kurram|13|8|4|0|5|0|0|0|10|0
Lakki Marwat|779|823|0|0|4|68|14|11|0|1
Malakand|806|29|675|0|0|0|4|0|0|3
Mansehra|854|6|369|19|2|0|1|26|0|0
Mardan|1038|222|45|31|47|17|23|23|1|1
Mohmand|123|285|60|1|7|14|2|9|169|32
North Waziristan|24|108|16|27|25|0|23|28|13|17
Nowshera|2524|482|22|14|16|8|11|8|11|7
Orakzai|43|20|11|0|3|0|0|0|0|0
Peshawar|4553|88|559|34|120|5|49|100|11|0
Shangla|1212|543|0|7|1|74|21|6|0|0
South Waziristan (Lower)|114|69|182|21|2|14|14|2|89|18
South Waziristan (Upper)|55|39|29|4|0|1|0|0|5|9
Swabi|1174|140|756|64|5|179|48|53|85|0
Swat|2160|128|365|141|73|108|64|25|0|0
Tank|642|353|94|4|21|0|0|0|0|0
Tor Ghar|78|92|1|0|40|18|5|0|22|1
Upper Kurram|148|19|104|10|37|3|9|0|35|0
Total|29823|8775|7118|1039|937|903|644|613|565|409

### 2025 43
Districts|AD (NonCholera)|Malaria|ILI|ALRI < 5 years|SARI|Dog Bite|B. Diarrhea|Typhoid|Dengue|CL
Abbottabad|822|0|263|62|6|82|4|10|41|0
Bajaur|762|258|89|9|80|80|48|8|11|17
Bannu|948|1471|2|11|0|3|11|89|6|0
Battagram|60|30|0|2|3|0|2|19|10|0
Buner|158|157|0|0|0|0|0|7|0|0
Charsadda|1930|529|2383|475|193|20|122|60|76|0
Chitral Lower|563|18|44|15|12|14|11|9|6|4
Chitral Upper|116|6|84|7|15|2|12|18|0|1
D.I. Khan|2061|881|0|12|0|15|26|0|0|1
Dir Lower|1800|157|1|6|0|52|63|25|5|0
Dir Upper|937|21|29|122|137|16|19|5|3|1
Hangu|297|135|243|0|0|3|0|4|5|95
Haripur|875|21|453|42|8|6|7|38|58|0
Karak|616|297|32|51|0|24|16|11|8|166
Khyber|698|540|42|57|7|32|99|82|0|92
Kohat|411|282|0|0|0|32|5|7|1|9
Kohistan Lower|136|2|5|0|0|1|1|0|1|0
Kohistan Upper|299|96|1|0|0|1|23|1|0|0
Kolai Palas|72|7|12|1|0|0|6|2|3|0
L & C Kurram|7|0|0|0|0|0|10|0|0|0
Lakki Marwat|689|638|2|0|0|64|2|16|7|0
Malakand|611|41|61|0|0|0|0|4|0|5
Mansehra|918|6|272|12|0|55|0|0|15|0
Mardan|1231|175|54|57|2|19|39|48|64|1
Mohmand|97|241|59|1|97|8|7|2|15|39
North Waziristan|57|131|13|27|20|0|4|24|11|1
Nowshera|2250|356|114|37|37|3|15|12|19|8
Orakzai|73|13|7|0|0|0|1|0|0|0
Peshawar|4299|59|477|91|8|5|124|42|96|0
Shangla|1001|442|0|11|0|42|4|13|3|0
South Waziristan (Lower)|85|72|150|31|79|17|2|18|1|18
South Waziristan (Upper)|47|31|32|6|20|0|0|0|0|9
Swabi|1094|148|653|61|52|100|7|53|55|0
Swat|2242|131|342|116|0|110|37|31|76|0
Tank|652|372|42|5|0|0|13|1|0|0
Tor Ghar|74|99|0|3|10|10|19|4|2|1
Upper Kurram|147|14|119|6|38|4|37|12|0|0
Total|29135|7877|6080|1336|824|820|796|675|598|468

### 2025 18
Districts|AD (noncholera)|ILI|Malaria|B. Diarrhea|ALRI < 5 years|Dog Bite|Typhoid|SARI|CL|Measles
Abbottabad|900|73|0|9|8|1|50|0|0|18
Bajaur|719|104|193|94|16|63|4|75|21|26
Bannu|907|2|1359|11|12|2|79|6|0|77
Battagram|204|416|29|1|7|19|2|2|2|6
Buner|359|0|294|0|0|9|3|0|0|0
Charsadda|3550|1317|314|165|509|20|131|5|0|64
Chitral Lower|659|165|19|20|14|18|8|12|10|2
Chitral Upper|117|22|2|4|3|2|18|14|0|2
D.I. Khan|2006|0|154|28|24|42|2|0|1|94
Dir Lower|1714|0|163|97|13|75|28|0|1|11
Dir Upper|1154|50|17|12|80|26|8|0|8|9
Hangu|272|238|77|3|18|8|1|0|31|0
Haripur|1305|166|0|0|21|18|10|2|0|6
Karak|409|51|87|17|22|31|4|27|458|30
Khyber|645|48|114|154|50|31|69|13|53|13
Kohat|942|0|35|52|3|55|19|0|11|0
Kohistan Lower|101|0|0|4|0|1|0|0|3|0
Kohistan Upper|383|0|10|28|1|0|1|0|0|4
Kolai Palas|52|11|0|2|3|0|1|0|0|0
L & C Kurram|5|0|0|4|0|0|0|0|0|0
Lakki Marwat|779|2|162|7|2|44|26|0|0|3
Malakand|1027|0|15|0|0|0|0|0|0|0
Mansehra|1271|355|3|3|10|87|19|115|0|6
Mardan|1206|31|94|33|99|102|13|0|11|18
Mohmand|234|156|148|27|0|10|7|136|62|6
North Waziristan|76|0|19|15|0|0|2|7|2|2
Nowshera|2964|46|37|41|38|11|24|21|7|8
Orakzai|117|13|13|6|0|3|3|0|0|0
Peshawar|5873|404|37|218|80|8|132|29|1|80
SD Tank|28|1|16|4|0|0|0|0|0|5
Shangla|566|0|199|11|0|79|21|0|0|5
South Waziristan (Lower)|7|127|44|0|9|8|12|27|0|2
SWU|26|28|4|0|0|0|0|0|0|0
Swabi|1830|388|52|13|56|279|43|21|0|19
Swat|3149|155|16|60|81|32|24|10|0|4
Tank|493|105|56|0|11|6|7|0|0|0
Tor Ghar|69|0|36|26|5|39|5|13|9|3
Upper Kurram|189|227|14|43|8|17|7|197|0|2
Total|36307|4701|3832|1212|1203|1146|783|732|691|525

### 2025 19
Districts|AD (NonCholera)|ILI|Malaria|B. Diarrhea|ALRI < 5 years|Dog Bite|SARI|Typhoid|CL|TB
Abbottabad|1404|93|0|7|15|41|3|49|0|10
Bajaur|858|43|195|92|40|54|71|10|27|11
Bannu|778|0|1366|50|13|1|3|73|0|18
Battagram|276|440|29|3|NR|19|NR|8|3|31
Buner|467|0|306|0|0|9|0|2|0|3
Charsadda|3818|1619|316|197|362|5|53|103|0|9
Chitral Lower|703|115|21|30|23|14|16|3|11|6
Chitral Upper|156|18|2|3|10|0|7|10|0|2
D.I. Khan|2031|0|177|20|21|55|0|4|4|45
Dir Lower|2294|0|159|77|11|82|0|31|0|7
Dir Upper|1134|51|25|6|31|20|0|15|10|24
Hangu|238|221|54|2|2|2|0|3|10|2
Haripur|1647|157|0|0|17|29|3|8|0|5
Karak|690|69|149|44|31|30|36|4|423|6
Khyber|1361|93|181|322|223|48|459|116|80|55
Kohat|1172|2|61|91|4|37|1|27|5|0
Kohistan Lower|81|2|5|5|0|0|0|0|0|0
Kohistan Upper|502|0|6|29|2|0|0|4|0|0
Kolai Palas|110|5|0|9|0|0|0|0|0|4
L & C Kurram|10|6|6|17|0|0|0|2|0|0
Lakki Marwat|873|0|186|10|0|45|0|29|0|8
Malakand|1504|0|20|0|0|0|0|9|0|0
Mansehra|1224|397|3|5|2|97|1|44|0|15
Mardan|1349|94|94|53|148|77|0|21|1|3
Mohmand|268|146|181|9|0|16|128|4|68|2
North Waziristan|133|0|74|20|0|0|3|5|5|7
Nowshera|2496|13|129|22|25|6|8|18|4|7
Orakzai|136|13|17|4|0|0|0|0|0|0
Peshawar|5863|331|41|214|58|17|30|121|0|30
SD Tank|15|2|18|4|0|0|0|0|0|0
Shangla|1100|0|240|1|11|130|0|17|0|67
South Waziristan (Lower)|13|148|77|7|8|11|40|11|8|3
SWU|45|46|9|1|0|0|10|0|0|0
Swabi|2197|448|48|12|65|225|15|50|0|35
Swat|3829|152|16|49|121|37|12|12|0|20
Tank|564|109|74|11|14|6|0|8|0|4
Tor Ghar|82|2|25|35|7|26|24|3|3|3
Upper Kurram|222|238|15|48|2|15|152|12|0|3
Total|41643|5073|4325|1509|1266|1154|1075|836|662|445

### 2025 21
Districts|AD (NonCholera)|ILI|Malaria|B. Diarrhea|Dog Bite|ALRI < 5 years|Typhoid|SARI|CL|Measles
Abbottabad|1620|170|0|5|40|6|20|4|0|3
Bajaur|763|73|222|100|83|12|10|100|23|35
Bannu|787|2|1435|41|24|10|85|2|0|100
Battagram|325|648|32|4|14|NR|NR|NR|5|NR
Buner|396|0|215|0|11|0|8|0|0|0
Charsadda|2985|1262|338|142|0|322|75|3|2|48
Chitral Lower|857|175|22|31|14|10|9|16|10|1
Chitral Upper|204|33|5|5|4|10|13|27|0|2
D.I. Khan|2000|0|190|26|46|13|0|0|2|91
Dir Lower|1924|0|143|92|76|9|33|0|1|26
Dir Upper|1335|93|32|25|3|14|18|0|0|6
Hangu|234|265|69|7|7|14|8|0|47|0
Haripur|1402|30|0|0|16|48|0|0|0|0
Karak|740|74|195|30|31|33|4|21|335|5
Khyber|1293|51|227|138|61|44|92|5|63|15
Kohat|1366|5|82|29|41|3|18|1|19|1
Kohistan Lower|131|0|2|8|1|0|0|0|0|0
Kohistan Upper|349|1|10|40|5|4|5|2|0|2
Kolai Palas|146|10|2|7|0|1|1|0|0|0
L & C Kurram|5|0|1|10|0|0|0|0|0|0
Lakki Marwat|948|0|243|8|55|0|24|0|0|9
Malakand|1404|39|10|11|0|0|65|0|1|16
Mansehra|1039|323|2|2|0|0|0|0|0|0
Mardan|1211|339|73|34|8|142|15|0|10|3
Mohmand|102|14|169|32|0|2|5|18|13|0
North Waziristan|110|5|88|26|9|12|12|26|5|24
Nowshera|2655|19|114|14|6|5|12|16|2|7
Orakzai|146|12|24|16|1|0|0|0|0|0
Peshawar|5096|382|36|162|14|47|124|17|1|85
SD Tank|26|0|12|8|0|0|0|0|3|3
Shangla|1326|1|230|7|61|8|26|1|0|10
South Waziristan (Lower)|94|251|86|4|4|7|19|58|14|3
SWU|31|21|12|1|0|0|0|10|0|1
Swabi|1967|527|73|20|193|28|62|45|0|33
Swat|4626|178|23|122|78|48|69|84|0|7
Tank|538|95|112|7|4|9|9|0|0|10
Tor Ghar|139|0|33|62|11|1|5|25|0|1
Upper Kurram|215|219|20|52|8|6|13|219|0|0
Total|40535|5317|4582|1328|929|868|859|700|556|547

### 2025 22
Districts|AD (NonCholera)|ILI|Malaria|B. Diarrhea|ALRI < 5 years|Typhoid|Dog Bite|SARI|CL|Measles
Abbottabad|1294|131|0|6|5|34|45|3|0|15
Bajaur|633|73|209|83|15|11|55|68|15|25
Bannu|548|0|1232|9|10|74|7|7|0|57
Battagram|307|485|36|4|4|17|8|5|4|9
Buner|352|0|157|0|0|10|13|0|0|1
Charsadda|3093|1371|298|156|539|175|40|190|0|68
Chitral Lower|773|154|25|22|15|7|13|12|10|3
Chitral Upper|279|30|5|2|5|12|1|22|1|3
D.I. Khan|1774|0|214|25|23|0|45|0|2|77
Dir Lower|1701|1|151|88|14|42|43|0|25|13
Dir Upper|1436|133|17|22|44|11|30|0|18|13
Hangu|198|134|68|3|0|6|7|0|48|0
Haripur|1363|243|16|0|20|22|3|6|0|4
Karak|639|115|148|30|28|6|46|12|239|26
Khyber|840|29|210|130|86|75|34|5|155|9
Kohat|828|16|59|47|5|27|15|0|11|0
Kohistan Lower|86|1|0|8|0|0|0|0|0|0
Kohistan Upper|327|0|1|30|3|2|0|12|0|2
Kolai Palas|95|11|2|5|2|1|0|0|0|0
L & C Kurram|3|0|1|9|0|0|0|0|0|0
Lakki Marwat|862|0|246|34|0|11|72|0|0|5
Malakand|1689|45|27|8|0|70|0|0|0|9
Mansehra|989|297|4|3|1|4|0|1|0|19
Mardan|1007|227|113|68|70|32|72|0|9|17
Mohmand|251|87|162|27|1|1|18|115|67|3
North Waziristan|36|3|83|27|8|7|1|13|5|20
Nowshera|2939|10|135|15|0|23|18|13|3|4
Orakzai|112|11|32|6|0|0|0|0|0|0
Peshawar|4719|299|36|170|25|150|6|23|0|52
SD Tank|36|0|28|7|0|0|1|0|5|1
Shangla|1327|0|235|5|10|22|64|0|0|5
South Waziristan (Lower)|111|173|104|5|5|11|5|39|14|3
SWU|27|41|6|3|0|0|0|3|2|2
Swabi|1771|515|51|17|32|26|172|61|0|19
Swat|3705|143|19|39|95|27|78|42|0|9
Tank|529|89|127|2|7|11|0|0|0|6
Tor Ghar|115|5|30|29|5|1|15|36|1|3
Upper Kurram|228|203|14|47|6|11|8|195|0|0
Total|37022|5075|4301|1191|1083|939|935|883|634|502

### 2025 23
Districts|AD (NonCholera)|Malaria|ILI|B. Diarrhea|Dog Bite|Typhoid|ALRI < 5 years|SARI|CL|TB
Abbottabad|979|0|56|7|9|23|16|0|0|14
Bajaur|535|148|68|83|33|13|5|47|14|6
Bannu|716|1156|2|19|5|80|10|6|0|14
Battagram|257|36|424|2|10|NR|NR|NR|5|27
Buner|167|235|0|0|0|5|0|0|0|0
Charsadda|2046|217|799|68|3|60|220|1|0|2
Chitral Lower|822|19|96|25|10|3|4|8|7|4
Chitral Upper|147|7|21|7|1|7|6|24|0|0
D.I. Khan|1387|184|0|16|31|0|8|0|3|29
Dir Lower|1021|86|0|56|52|17|9|0|0|1
Dir Upper|1152|12|31|28|23|8|20|0|12|16
Hangu|115|45|15|NR|9|2|NR|NR|4|NR
Haripur|1105|21|223|0|12|17|23|0|0|15
Karak|632|101|47|23|29|3|13|2|287|38
Khyber|466|131|53|56|42|21|29|2|77|7
Kohat|630|58|2|28|33|12|3|0|19|0
Kohistan Lower|108|1|0|7|0|0|0|0|0|0
Kohistan Upper|90|4|0|29|0|4|1|4|0|0
Kolai Palas|91|1|12|1|0|3|2|0|0|1
L & C Kurram|3|0|0|2|0|0|0|0|0|0
Lakki Marwat|699|222|0|12|59|16|0|0|0|3
Malakand|1005|17|0|0|0|55|0|0|3|0
Mansehra|234|1|84|0|0|8|0|0|0|0
Mardan|711|38|131|7|80|12|41|0|0|0
Mohmand|249|149|87|24|19|2|0|123|43|0
North Waziristan|54|46|0|6|2|4|5|0|12|7
Nowshera|2298|102|17|9|18|13|0|5|0|10
Orakzai|94|15|12|1|0|0|0|0|0|0
Peshawar|3341|26|278|117|4|92|36|97|0|7
SD Tank|34|21|0|6|1|0|0|0|3|0
Shangla|1196|263|0|5|82|10|3|0|0|95
South Waziristan (Lower)|24|130|91|5|4|18|3|26|2|6
SWU|28|8|41|0|0|4|0|0|0|0
Swabi|1271|39|298|32|148|43|17|8|0|23
Swat|2416|29|101|105|43|8|97|23|0|6
Tank|419|112|70|10|0|9|5|0|0|2
Tor Ghar|132|32|0|46|18|0|2|26|8|6
Upper Kurram|175|13|181|51|6|12|5|144|0|5
Total|26849|3725|3240|893|786|584|583|546|499|344

### 2025 24
Districts|AD (noncholera)|Malaria|ILI|Dog Bite|B. Diarrhea|Typhoid|ALRI < 5 years|SARI|CL|Measles
Abbottabad|1305|1|49|17|8|12|8|2|0|3
Bajaur|674|210|55|89|61|10|11|59|19|23
Bannu|789|1154|19|4|16|81|20|7|0|56
Battagram|357|32|406|6|5|NR|NR|NR|2|NR
Buner|400|232|0|9|0|8|0|0|0|0
Charsadda|2138|262|739|1|81|51|224|5|0|40
Chitral Lower|1204|17|111|11|37|5|12|16|6|2
Chitral Upper|228|2|40|1|10|11|8|27|0|2
D.I. Khan|1537|256|0|42|26|11|0|0|0|54
Dir Lower|1592|129|0|40|53|25|10|0|21|16
Dir Upper|2014|25|38|26|17|21|36|0|7|8
Hangu|200|69|139|6|0|5|3|0|36|0
Haripur|1376|19|198|7|0|10|10|0|0|7
Karak|508|137|31|82|26|6|21|0|252|29
Khyber|540|210|39|31|120|34|57|5|26|0
Kohat|796|67|4|27|45|22|0|0|6|2
Kohistan Lower|124|0|2|0|7|0|0|0|0|2
Kohistan Upper|383|7|0|0|22|0|0|0|0|1
Kolai Palas|90|3|10|0|10|0|1|0|0|0
L & C Kurram|1|0|0|0|17|0|0|0|0|0
Lakki Marwat|745|252|0|63|10|15|0|0|0|3
Malakand|956|23|42|0|0|92|0|0|1|17
Mansehra|1095|0|172|0|2|9|0|0|0|0
Mardan|911|93|220|66|17|15|150|0|0|13
Mohmand|210|139|60|19|27|5|0|92|33|3
North Waziristan|83|103|0|5|11|9|26|7|5|21
Nowshera|2558|152|20|100|31|10|6|5|3|6
Orakzai|105|19|9|4|22|0|0|0|0|0
Peshawar|3555|24|329|15|103|114|24|13|0|41
SD Tank|17|8|2|0|5|0|2|0|0|0
Shangla|1617|169|0|80|5|16|7|0|0|6
South Waziristan (Lower)|44|159|88|8|8|10|6|20|13|1
SWU|21|4|23|0|0|0|0|12|0|0
Swabi|1617|45|391|236|29|84|38|27|0|19
Swat|4587|12|96|77|87|85|105|0|0|8
Tank|416|83|83|0|5|13|9|0|0|0
Tor Ghar|117|36|6|16|49|4|5|21|6|3
Upper Kurram|214|18|204|7|58|16|3|182|0|0
Total|35124|4171|3625|1095|1030|809|802|500|436|386

### 2025 25
Districts|AD (noncholera)|Malaria|ILI|B. Diarrhea|ALRI < 5 years|Typhoid|Dog Bite|SARI|CL|TB
Abbottabad|1375|0|49|13|1|19|9|0|0|16
Bajaur|772|256|69|66|21|19|82|76|29|17
Bannu|852|1407|2|13|43|79|3|11|0|17
Battagram|458|58|526|7|11|3|11|4|7|41
Buner|495|487|0|0|0|4|13|0|0|1
Charsadda|2540|327|1209|94|302|91|20|6|0|14
Chitral Lower|1136|21|167|30|15|8|16|11|6|6
Chitral Upper|216|11|42|20|11|17|3|21|1|1
D.I. Khan|1617|299|0|18|13|0|43|0|0|43
Dir Lower|1850|197|0|85|8|36|29|0|0|0
Dir Upper|2289|32|60|19|57|19|25|0|12|25
Hangu|242|101|190|0|98|5|5|0|45|1
Haripur|1428|21|168|0|17|12|19|0|0|12
Karak|612|190|46|26|29|5|38|5|259|23
Khyber|767|315|55|131|56|77|37|6|71|22
Kohat|890|105|1|48|14|19|44|1|16|0
Kohistan Lower|148|5|2|4|0|0|1|0|0|0
Kohistan Upper|317|15|0|23|5|1|0|0|0|0
Kolai Palas|99|4|4|13|1|2|6|0|0|8
L & C Kurram|2|7|0|2|0|1|0|0|0|0
Lakki Marwat|904|311|0|8|0|20|77|0|0|6
Malakand|715|35|0|0|0|87|0|0|1|0
Mansehra|1381|0|219|4|0|11|0|0|0|4
Mardan|1104|176|231|99|219|32|9|0|1|28
Mohmand|187|213|61|32|5|5|9|91|86|6
North Waziristan|83|77|0|39|46|5|4|22|10|4
Nowshera|3062|139|31|13|1|19|40|4|8|11
Orakzai|165|28|0|20|0|0|7|0|0|0
Peshawar|4958|35|444|139|21|135|9|26|0|23
SD Tank|16|8|2|5|0|0|0|0|0|0
Shangla|1204|383|0|4|7|12|60|0|0|116
South Waziristan (Lower)|65|33|73|0|1|5|0|3|0|5
SWU|73|44|10|3|0|0|0|6|0|0
Swabi|1827|62|294|27|36|73|200|68|0|7
Swat|4183|44|145|96|93|50|60|0|0|22
Tank|498|251|89|6|11|18|1|0|0|4
Tor Ghar|108|35|4|39|7|6|15|25|6|0
Upper Kurram|231|14|186|71|7|14|9|200|0|3
Total|38869|5746|4379|1217|1156|909|904|586|558|486

### 2025 26
Districts|AD (NonCholera)|Malaria|ILI|Dog Bite|ALRI < 5 years|B. Diarrhea|Typhoid|SARI|CL|TB
Abbottabad|1527|0|32|32|14|9|15|7|0|8
Bajaur|880|275|53|72|34|81|11|41|14|14
Bannu|839|1430|2|4|19|13|60|13|1|14
Battagram|482|46|447|8|1|4|7|2|4|21
Buner|435|322|0|11|0|0|5|0|0|2
Charsadda|2425|339|1168|16|341|74|97|4|1|16
Chitral Lower|1155|14|177|14|18|37|10|14|8|3
Chitral Upper|230|7|39|3|2|10|18|17|0|3
D.I. Khan|1485|304|0|38|15|44|0|0|1|41
Dir Lower|1800|257|0|35|10|47|30|0|20|0
Dir Upper|2023|15|48|24|74|30|21|2|4|22
Hangu|201|88|166|4|46|5|1|0|50|4
Haripur|975|0|16|12|11|0|0|0|0|0
Karak|515|189|32|93|38|9|2|0|265|10
Khyber|803|336|43|36|48|125|61|9|144|23
Kohat|768|88|0|52|10|17|29|0|16|0
Kohistan Lower|133|1|2|0|0|2|0|10|0|0
Kohistan Upper|509|28|0|2|0|23|3|2|0|16
Kolai Palas|73|3|14|0|4|9|1|0|0|2
L & C Kurram|3|0|0|0|0|8|0|0|0|0
Lakki Marwat|841|327|0|62|0|8|20|0|0|6
Malakand|730|34|0|0|0|0|42|0|4|3
Mansehra|1017|0|155|0|0|4|3|0|0|5
Mardan|1249|93|119|104|91|17|1|0|2|16
Mohmand|179|191|61|9|0|34|1|97|39|1
North Waziristan|76|88|0|4|11|20|8|108|15|5
Nowshera|2350|184|104|55|0|22|35|12|2|25
Orakzai|149|20|9|1|0|16|0|0|0|0
Peshawar|4596|43|426|11|24|126|141|16|1|15
SD Tank|27|12|0|0|3|9|0|0|0|0
Shangla|1731|173|0|93|10|4|6|0|0|69
South Waziristan (Lower)|36|176|94|8|4|0|12|18|0|10
SWU|43|35|10|0|3|3|0|7|0|0
Swabi|1345|86|355|188|36|25|42|61|0|47
Swat|4232|31|108|92|103|52|42|0|0|49
Tank|540|152|72|1|7|9|12|0|0|3
Tor Ghar|123|46|0|21|2|17|2|13|5|8
Upper Kurram|228|13|184|8|6|71|14|175|0|6
Total|36753|5446|3936|1113|985|984|752|628|596|467

### 2025 27
Districts|AD (NonCholera)|Malaria|ILI|B. Diarrhea|Dog Bite|ALRI < 5 years|Typhoid|CL|SARI|TB
Abbottabad|1420|0|50|8|20|1|20|0|0|14
Bajaur|895|283|0|99|47|10|17|15|64|15
Bannu|943|1200|0|17|1|33|83|0|32|18
Battagram|611|34|410|4|5|NR|NR|5|NR|27
Buner|240|130|0|0|0|0|4|0|0|0
Charsadda|2592|316|1023|91|4|341|72|0|5|10
Chitral Lower|1058|12|73|29|9|11|3|3|11|3
Chitral Upper|176|8|37|8|2|4|11|0|22|0
D.I. Khan|1397|240|0|18|28|4|0|0|0|45
Dir Lower|2032|241|0|42|30|12|30|1|0|0
Dir Upper|1077|12|18|11|6|4|8|3|0|15
Hangu|9|35|8|4|NR|NR|1|NR|NR|NR
Haripur|1061|0|24|0|17|1|1|0|0|0
Karak|416|122|66|5|65|26|4|349|0|15
Khyber|527|280|27|129|23|49|36|13|5|9
Kohat|595|100|0|15|45|0|16|6|0|0
Kohistan Lower|170|1|7|13|0|2|0|0|1|0
Kohistan Upper|331|10|1|19|0|0|3|0|0|0
Kolai Palas|108|4|10|8|0|4|2|0|0|3
L & C Kurram|6|7|0|10|0|0|0|0|0|0
Lakki Marwat|745|295|3|8|56|0|13|0|0|5
Malakand|658|23|27|0|0|0|37|3|0|3
Mansehra|1151|0|146|4|0|0|5|0|11|4
Mardan|1080|51|8|23|85|63|13|0|0|19
Mohmand|171|263|85|25|18|1|7|72|117|3
North Waziristan|68|65|0|13|2|14|8|4|9|4
Nowshera|2643|175|55|20|59|28|22|14|16|28
Orakzai|74|22|11|5|0|0|0|0|0|0
Peshawar|4031|34|192|151|6|11|127|0|16|5
SD Tank|6|5|0|0|0|0|0|0|0|0
Shangla|2134|338|0|11|78|10|15|0|0|63
South Waziristan (Lower)|72|130|104|1|7|0|7|3|13|7
SWU|53|59|3|6|0|2|3|0|10|0
Swabi|1677|51|356|17|226|37|46|0|58|38
Swat|4619|16|78|57|57|75|52|0|21|36
Tank|391|118|61|5|1|9|0|0|0|3
Tor Ghar|144|45|1|25|11|6|2|0|25|1
Upper Kurram|124|11|37|35|8|11|6|0|25|0
Total|35505|4736|2921|936|916|769|674|491|461|393

### 2025 28
Districts|AD (noncholera)|Malaria|ILI|B. Diarrhea|Dog Bite|Typhoid|ALRI < 5 years|SARI|TB|CL
Abbottabad|2192|0|108|12|26|16|6|7|4|0
Bajaur|1189|328|0|100|131|11|19|72|10|18
Bannu|1231|1565|5|12|3|99|28|7|21|0
Battagram|841|57|549|3|15|10|NR|NR|64|4
Buner|523|326|0|0|11|3|0|0|1|0
Charsadda|3010|438|1010|230|21|116|255|3|9|0
Chitral Lower|1143|20|68|25|7|9|16|13|2|3
Chitral Upper|179|6|55|10|5|10|21|53|3|0
D.I. Khan|1868|376|0|26|41|0|3|0|42|2
Dir Lower|2318|173|0|49|70|43|4|0|0|0
Dir Upper|1986|12|33|21|37|23|77|0|20|4
Hangu|24|25|17|2|0|2|0|0|0|0
Haripur|1461|0|21|0|23|0|1|0|0|0
Karak|608|133|34|4|78|6|34|13|5|242
Khyber|681|386|99|112|27|75|59|23|12|32
Kohat|925|131|0|13|41|31|0|1|0|29
Kohistan Lower|188|4|0|8|3|0|0|0|0|0
Kohistan Upper|305|7|0|23|1|2|0|2|5|0
Kolai Palas|128|1|0|9|0|0|0|0|0|0
L & C Kurram|12|5|0|22|0|0|0|0|0|0
Lakki Marwat|841|410|0|18|69|13|1|0|11|0
Malakand|793|30|22|0|0|64|0|0|0|10
Mansehra|1775|3|251|0|0|8|2|0|3|0
Mardan|1402|55|7|22|14|1|62|0|13|0
Mohmand|214|229|88|30|18|6|1|131|4|50
North Waziristan|106|60|11|17|1|17|10|0|1|1
Nowshera|2820|200|21|21|18|27|1|4|11|3
Orakzai|171|36|10|16|2|0|0|0|0|0
Peshawar|5384|47|276|187|13|187|12|20|22|0
SD Tank|24|11|3|13|0|0|3|0|0|0
Shangla|2645|320|0|6|127|11|8|0|70|0
South Waziristan (Lower)|41|112|87|3|13|11|0|10|8|6
SWU|77|54|15|1|2|0|7|24|0|0
Swabi|2078|59|485|34|227|91|41|64|34|0
Swat|6626|34|120|101|53|40|78|35|31|0
Tank|506|156|69|5|0|0|7|0|2|0
Tor Ghar|141|36|6|26|16|11|4|25|7|4
Upper Kurram|173|17|53|48|4|14|0|50|2|0
Total|46629|5862|3523|1229|1117|957|760|557|417|408

### 2025 29
Districts|AD (NonCholera)|Malaria|ILI|B. Diarrhea|Dog Bite|Typhoid|ALRI < 5 years|SARI|CL|TB
Abbottabad|1889|0|40|23|13|13|7|0|0|11
Bajaur|1253|361|0|114|98|8|6|80|18|15
Bannu|1054|1573|4|33|4|91|18|0|0|26
Battagram|817|53|557|7|8|NR|NR|NR|3|37
Buner|370|350|0|0|9|5|0|0|0|1
Charsadda|3121|403|1043|156|18|102|333|6|0|7
Chitral Lower|1229|18|15|34|13|6|15|10|7|3
Chitral Upper|237|5|23|9|4|17|7|24|0|2
D.I. Khan|1798|387|0|30|63|2|0|0|2|38
Dir Lower|2594|222|0|59|43|50|8|0|0|1
Dir Upper|1915|8|67|35|22|16|77|0|0|0
Hangu|116|64|77|1|0|4|0|0|25|1
Haripur|1460|5|200|0|17|2|10|0|0|1
Karak|698|173|57|17|67|10|40|26|229|11
Khyber|922|460|67|197|34|132|52|246|67|15
Kohat|1074|126|0|24|46|12|0|0|25|0
Kohistan Lower|199|1|0|13|1|0|1|0|0|0
Kohistan Upper|330|2|0|22|2|0|8|1|0|0
Kolai Palas|101|0|8|7|0|4|1|0|0|0
L & C Kurram|9|0|0|19|0|0|0|0|0|0
Lakki Marwat|871|441|0|8|64|15|0|0|0|6
Malakand|1292|37|27|0|0|62|0|0|0|2
Mansehra|1610|8|229|0|77|10|20|0|0|0
Mardan|1466|64|4|35|89|15|90|0|2|1
Mohmand|224|247|89|36|19|3|0|111|45|3
North Waziristan|121|94|0|7|4|21|15|4|10|4
Nowshera|3664|219|62|17|50|35|5|4|10|19
Orakzai|165|45|11|10|3|0|0|0|0|0
Peshawar|5502|85|343|142|11|208|13|28|1|19
SD Tank|25|15|0|9|0|0|0|0|0|0
Shangla|2712|391|0|6|116|8|6|0|0|66
South Waziristan (Lower)|30|148|95|4|14|13|2|14|6|6
SWU|59|5|20|2|0|0|0|0|0|0
Swabi|2090|72|403|37|236|35|38|63|0|32
Swat|6024|25|121|156|111|63|64|3|0|35
Tank|727|273|64|78|2|42|5|0|0|6
Tor Ghar|165|55|0|42|6|5|0|30|0|1
Upper Kurram|258|20|101|47|9|13|6|65|0|3
Total|48191|6455|3727|1436|1273|1022|847|715|450|372

### 2025 30
Districts|AD (noncholera)|Malaria|ILI|B. Diarrhea|Dog Bite|Typhoid|ALRI < 5 years|SARI|TB|CL
Abbottabad|1912|0|54|31|132|19|8|0|6|0
Bajaur|1338|418|38|133|83|6|6|29|10|17
Bannu|966|1249|7|21|3|83|6|0|18|0
Battagram|890|91|629|12|12|NR|8|NR|26|3
Buner|452|355|0|0|0|3|0|0|0|0
Charsadda|2391|441|1179|139|22|71|291|86|28|0
Chitral Lower|1147|17|15|28|15|2|12|9|4|7
Chitral Upper|249|5|18|11|5|15|4|25|2|0
D.I. Khan|1861|387|0|25|46|3|6|0|30|0
Dir Lower|2348|193|0|51|41|46|5|0|3|0
Dir Upper|2347|14|31|35|19|10|73|0|9|5
Hangu|200|93|91|NR|NR|6|23|NR|3|8
Haripur|1728|4|250|0|18|0|10|0|0|0
Karak|711|226|61|5|59|3|28|2|8|97
Khyber|947|577|57|190|36|98|31|239|13|58
Kohat|1228|192|0|30|34|18|2|0|0|14
Kohistan Lower|240|4|0|8|1|0|0|0|0|0
Kohistan Upper|314|11|1|39|2|3|1|0|0|0
Kolai Palas|104|0|10|14|5|0|2|0|0|0
L & C Kurram|6|0|0|4|0|0|0|0|0|0
Lakki Marwat|958|487|0|8|66|10|0|0|6|0
Malakand|1789|71|23|0|0|25|0|0|2|6
Mansehra|2090|1|209|4|0|12|0|0|0|0
Mardan|1497|111|7|10|86|17|34|5|4|2
Mohmand|274|294|90|36|13|14|1|111|1|49
North Waziristan|125|142|0|16|2|14|5|2|2|0
Nowshera|3415|267|18|24|14|29|3|10|21|12
Orakzai|163|49|9|12|4|0|0|0|0|0
Peshawar|5473|103|356|149|14|144|15|32|21|0
SD Kohat|NR|NR|NR|NR|NR|NR|NR|NR|NR|NR
SD Peshawar|NR|NR|NR|NR|NR|NR|NR|NR|NR|NR
SD Tank|33|16|2|6|0|3|0|0|0|0
Shangla|2470|970|0|15|73|6|3|0|91|0
South Waziristan (Lower)|48|147|71|3|16|15|1|7|2|9
South Waziristan (Upper)|34|5|8|0|0|0|0|0|0|0
Swabi|1875|81|348|27|68|41|37|2|30|0
Swat|5770|47|131|140|102|12|77|12|15|0
Tank|753|161|59|49|1|10|8|3|4|0
Tor Ghar|151|57|0|33|6|7|1|25|4|0
Upper Kurram|170|18|88|56|6|14|3|40|3|0
Total|48467|7304|3860|1364|1004|759|704|639|366|287

### 2026 4
Districts|AD (NonCholera)|ILI|Malaria|ALRI < 5 years|Dog Bite|Measles|B. Diarrhea|CL|SARI|Typhoid
Abbottabad|389|159|0|30|56|3|8|0|5|25
Bajaur|484|7|101|28|89|20|21|13|47|1
Bannu|625|0|874|0|0|96|6|0|1|72
Battagram|177|433|8|9|9|12|2|NR|NR|NR
Buner|194|2|92|0|12|0|0|0|0|7
Charsadda|1402|1573|177|317|35|64|70|0|3|78
Chitral Lower|167|23|3|27|9|0|8|4|20|2
Chitral Upper|53|15|1|9|2|1|2|1|6|7
D.I. Khan|1153|0|89|34|6|47|11|2|0|0
Dir Lower|699|1|50|15|55|28|51|1|0|16
Dir Upper|467|66|8|16|5|3|11|0|0|3
Hangu|230|2|57|0|13|0|0|44|0|0
Haripur|748|60|0|28|24|0|0|0|0|0
Karak|285|33|52|40|23|40|7|23|7|3
Khyber|246|3|54|26|44|3|55|59|1|33
Kohat|367|0|30|7|60|1|12|23|0|9
Kohistan Lower|91|0|0|0|2|1|1|1|0|0
Kohistan Upper|186|2|3|6|1|0|30|0|0|1
Kolai Palas|41|19|0|1|0|0|1|0|0|1
L & C Kurram|10|0|3|0|0|0|7|0|6|2
Lakki Marwat|196|17|109|19|34|4|0|0|0|9
Malakand|436|150|12|28|0|5|31|5|31|0
Mansehra|442|184|0|0|0|0|0|0|0|20
Mardan|716|232|38|175|25|9|20|4|3|17
Mohmand|32|126|44|2|16|4|0|37|149|0
North Waziristan|29|50|59|43|1|23|7|3|38|36
Nowshera|987|50|66|44|10|15|11|13|15|11
Orakzai|42|7|0|0|4|0|1|0|0|0
Peshawar|2334|301|7|55|3|70|34|0|10|7
Shangla|324|0|32|20|69|4|0|0|0|3
South Waziristan (Lower)|58|101|12|28|12|8|17|15|34|8
SWU|31|9|8|14|2|0|0|0|21|0
Swabi|777|466|57|97|153|52|15|0|51|33
Swat|1300|213|8|39|59|20|45|0|0|25
Tank|365|25|78|3|0|0|1|0|0|0
Tor Ghar|46|4|24|18|3|0|13|9|0|4
Upper Kurram|106|143|7|13|11|0|14|0|24|5
Total|16235|4476|2163|1191|847|533|512|471|465|438

### 2026 5
Districts|AD (NonCholera)|ILI|Malaria|ALRI < 5 years|Dog Bite|Typhoid|B. Diarrhea|Measles|SARI|CL
Abbottabad|369|156|0|24|69|18|4|1|6|1
Bajaur|418|9|104|29|89|3|25|22|50|20
Bannu|583|0|947|5|0|66|0|78|0|0
Battagram|159|418|4|17|13|2|NR|15|NR|NR
Buner|140|1|77|NR|NR|4|NR|NR|NR|NR
Charsadda|1433|945|152|1004|2|184|74|36|3|0
Chitral Lower|251|24|5|27|13|5|16|0|25|10
Chitral Upper|51|13|0|7|7|3|4|0|4|0
D.I. Khan|1366|0|91|25|6|0|30|37|0|1
Dir Lower|835|0|49|8|73|19|44|39|0|1
Dir Upper|630|56|5|87|23|8|11|6|0|0
Hangu|238|86|16|0|24|0|1|0|0|47
Haripur|750|18|0|41|51|0|0|0|0|0
Karak|220|38|26|36|16|1|11|27|0|123
Khyber|180|0|33|15|33|11|43|0|3|11
Kohat|421|0|18|7|54|6|9|0|0|25
Kohistan Lower|121|0|0|0|0|0|3|3|0|0
Kohistan Upper|266|10|5|8|0|0|22|0|18|0
Kolai Palas|79|15|0|5|0|0|2|0|0|0
L & C Kurram|23|5|1|0|0|0|3|0|4|0
Lakki Marwat|317|19|118|18|42|8|0|8|0|0
Malakand|426|9|11|3|0|0|0|11|6|4
Mansehra|493|109|0|5|0|25|3|0|1|0
Mardan|745|66|12|120|23|7|23|8|2|1
Mohmand|27|128|43|0|9|3|4|2|131|45
North Waziristan|41|5|65|42|1|24|4|18|9|11
Nowshera|806|45|45|19|10|9|5|5|12|21
Orakzai|34|6|1|0|0|0|0|0|0|0
Peshawar|2850|254|12|71|4|27|28|80|0|0
Shangla|489|0|76|42|115|16|2|7|0|0
South Waziristan (Lower)|70|78|14|21|15|5|16|7|46|14
SWU|24|0|14|6|0|0|0|0|28|0
Swabi|820|575|58|82|150|24|20|41|43|0
Swat|1383|240|14|80|202|24|60|13|0|0
Tank|394|21|88|4|0|0|5|3|0|0
Tor Ghar|83|0|13|9|21|11|16|0|0|8
Upper Kurram|144|124|10|28|8|7|17|1|13|0
Total|17679|3473|2127|1895|1073|520|505|468|404|343

### 2026 6
Districts|AD (noncholera)|ILI|Malaria|ALRI < 5 years|Dog Bite|SARI|Measles|B. Diarrhea|Typhoid|CL
Abbottabad|484|200|0|21|61|28|24|2|19|0
Bajaur|513|7|77|16|84|72|22|19|4|22
Bannu|513|0|852|1|0|0|86|0|76|0
Battagram|229|490|3|4|15|2|18|1|0|0
Buner|107|NR|73|NR|NR|NR|NR|NR|6|NR
Charsadda|832|1627|113|232|1|0|49|51|85|0
Chitral Lower|245|20|5|21|15|11|0|18|3|2
Chitral Upper|53|21|0|5|3|3|0|2|8|0
D.I. Khan|1186|0|84|27|8|0|45|21|0|2
Dir Lower|907|0|41|12|39|0|27|45|17|0
Dir Upper|538|53|6|21|11|0|1|7|0|0
Hangu|189|84|44|0|21|0|0|5|0|61
Haripur|709|54|0|28|32|0|0|0|0|0
Karak|17|180|60|0|27|0|0|0|0|51
Khyber|184|0|52|98|37|3|4|33|10|77
Kohat|0|0|9|82|28|0|0|1|1|11
Kohistan Lower|61|0|0|25|1|0|2|2|0|0
Kohistan Upper|182|0|1|0|0|0|3|10|0|0
Kolai Palas|59|13|0|2|0|0|0|2|2|0
L & C Kurram|32|4|8|5|3|1|0|10|2|0
Lakki Marwat|291|18|111|9|42|0|6|1|8|0
Malakand|437|319|12|64|0|48|16|0|0|3
Mansehra|519|153|0|4|0|0|0|1|0|0
Mardan|737|122|22|158|24|2|1|19|0|1
Mohmand|54|154|48|1|17|128|2|12|3|91
North Waziristan|16|2|39|45|1|63|28|5|23|3
Nowshera|797|47|68|20|16|18|16|16|12|17
Orakzai|53|4|0|0|0|0|0|2|0|0
Peshawar|2674|234|6|91|7|0|62|31|19|1
Shangla|512|0|95|33|153|0|10|0|11|0
South Waziristan (Lower)|30|83|12|42|12|19|11|2|6|20
SWU|20|0|11|6|0|21|0|0|0|0
Swabi|720|551|44|74|200|65|48|14|23|0
Swat|1806|251|20|85|150|0|10|66|78|0
Tank|359|19|62|5|0|0|0|7|1|0
Tor Ghar|75|0|26|12|20|0|0|14|8|10
Upper Kurram|124|104|13|16|12|25|0|15|6|0
Total|16264|4814|2017|1265|1040|509|491|434|431|372

### 2026 7
Districts|AD (NonCholera)|ILI|Malaria|Animal / Dog Bite|ALRI < 5 years|B. Diarrhea|SARI|Measles|Typhoid|CL
Abbottabad|615|321|0|87|22|2|18|12|18|0
Bajaur|584|4|105|100|15|31|42|29|2|14
Bannu|697|0|1101|0|0|2|5|73|88|0
Battagram|247|503|16|15|7|5|0|10|0|0
Buner|112|0|98|13|0|0|0|0|8|0
Charsadda|1392|793|153|8|233|69|1|36|26|0
Chitral Lower|435|25|4|8|20|20|18|0|7|6
Chitral Upper|72|32|1|4|4|5|12|0|6|0
D.I. Khan|1483|2|100|9|35|18|12|42|0|1
Dir Lower|1008|0|47|71|16|50|0|16|14|1
Dir Upper|714|82|18|3|16|23|0|2|0|0
Hangu|266|69|52|18|0|0|0|0|0|29
Haripur|1063|611|0|42|68|20|0|3|0|0
Karak|219|68|102|28|17|28|7|31|13|190
Khyber|257|0|46|38|16|39|0|0|31|33
Kohat|346|0|38|54|0|8|0|0|2|13
Kohistan Lower|102|0|1|1|26|7|0|3|2|1
Kohistan Upper|347|1|6|2|6|16|0|1|1|0
Kolai Palas|49|7|0|0|2|3|0|0|1|0
L & C Kurram|25|3|6|2|6|11|0|0|4|0
Lakki Marwat|400|11|124|67|3|0|0|5|9|0
Malakand|499|130|10|0|29|0|26|20|0|7
Mansehra|503|149|0|0|13|0|2|0|1|0
Mardan|1025|57|58|31|136|50|2|0|0|0
Mohmand|70|133|63|14|0|9|135|2|1|60
North Waziristan|16|5|41|5|34|5|60|28|27|0
Nowshera|1068|56|82|9|29|17|17|13|23|15
Orakzai|91|4|4|0|0|2|0|0|0|0
Peshawar|3152|286|9|3|94|50|0|77|23|1
Shangla|761|0|108|128|44|0|0|11|6|0
South Waziristan (Lower)|56|88|17|17|13|6|28|6|8|2
SWU|12|0|8|2|2|1|28|1|0|0
Swabi|1031|779|53|254|110|13|74|46|46|0
Swat|1760|185|18|213|80|63|0|13|31|0
Tank|325|23|64|0|4|4|1|0|0|0
Tor Ghar|90|0|23|10|7|4|0|0|5|1
Upper Kurram|162|150|9|16|18|23|14|0|3|0
Total|21054|4577|2585|1272|1125|604|502|480|406|374

### 2026 8
Districts|AD (NonCholera)|ILI|Malaria|ALRI < 5 years|Animal / Dog Bite|B. Diarrhea|Measles|Typhoid|SARI|CL
Abbottabad|683|199|0|30|74|6|20|6|6|0
Bajaur|612|5|84|19|98|26|29|0|31|23
Bannu|664|4|958|12|2|7|74|74|0|0
Battagram|307|521|16|5|9|6|13|0|0|0
Buner|188|0|128|0|8|0|0|9|0|0
Charsadda|1495|911|162|180|8|66|35|41|1|0
Chitral Lower|351|28|3|14|14|21|0|4|9|3
Chitral Upper|86|17|0|7|5|2|0|1|6|0
D.I. Khan|1762|0|101|39|5|20|51|0|0|1
Dir Lower|1131|0|49|9|53|60|33|18|0|0
Dir Upper|933|73|5|60|9|18|11|10|0|0
Hangu|281|87|51|1|16|1|11|2|0|38
Haripur|1222|380|0|295|32|20|9|10|12|0
Karak|746|141|82|50|18|0|23|0|0|137
Khyber|343|0|54|4|45|47|0|31|6|57
Kohat|333|0|25|0|38|0|0|3|0|5
Kohistan Lower|117|0|0|15|1|8|1|0|0|0
Kohistan Upper|472|2|1|4|0|10|2|1|0|0
Kolai Palas|47|13|0|4|0|2|0|1|0|0
L & C Kurram|45|12|17|6|4|6|0|8|5|0
Lakki Marwat|413|13|125|2|72|2|5|9|0|0
Malakand|497|254|15|41|0|0|16|0|50|3
Mansehra|330|59|0|0|0|0|0|0|0|0
Mardan|1073|56|19|119|20|29|2|0|0|1
Mohmand|92|103|57|1|20|17|1|4|112|45
North Waziristan|53|6|44|40|1|5|28|19|32|1
Nowshera|1205|22|94|24|12|18|19|35|15|24
Orakzai|52|5|0|0|1|0|0|0|0|0
Peshawar|3059|267|10|72|5|44|75|22|0|0
Shangla|655|0|132|29|63|0|5|21|0|0
South Waziristan (Lower)|29|66|12|28|22|3|11|9|20|16
SWU|30|8|12|4|0|2|0|0|15|0
Swabi|1239|912|74|101|243|19|57|38|54|0
Swat|1877|201|16|92|55|50|3|8|0|0
Tank|232|25|51|5|0|4|4|2|0|0
Tor Ghar|70|0|18|7|17|10|0|3|0|1
Upper Kurram|147|117|6|9|8|18|0|4|15|0
Total|22871|4507|2421|1328|978|547|538|393|389|355

### 2026 9
Districts|AD (Non-Cholera)|ILI|Malaria|ALRI < 5 years|Animal / Dog Bite|B. Diarrhea|Measles|Typhoid|CL|SARI
Abbottabad|777|29|1|18|71|6|21|13|0|3
Bajaur|778|5|102|9|107|27|26|3|17|32
Bannu|742|3|883|5|4|4|87|96|16|0
Battagram|295|423|17|12|10|9|9|2|0|0
Buner|172|0|46|0|6|0|0|4|0|0
Charsadda|1672|673|283|201|17|112|51|79|1|1
Chitral Lower|368|34|7|22|16|21|1|4|6|15
Chitral Upper|86|20|2|1|1|4|0|6|0|3
D.I. Khan|2075|0|93|18|5|31|47|2|5|0
Dir Lower|1035|0|53|5|41|73|31|22|0|0
Dir Upper|973|36|7|55|11|23|8|14|0|0
Hangu|368|0|100|0|9|51|0|3|15|0
Haripur|1084|606|0|86|16|30|11|6|0|0
Karak|356|5|71|24|8|5|19|13|171|0
Khyber|347|0|51|8|1|55|1|30|42|1
Kohat|317|0|11|0|36|0|0|0|3|0
Kohistan Lower|123|0|1|5|0|8|3|3|0|0
Kohistan Upper|327|1|1|9|0|22|3|0|0|0
Kolai Palas|55|15|1|5|0|4|0|1|0|4
L & C Kurram|26|5|5|5|4|2|1|4|0|5
Lakki Marwat|535|21|180|6|88|3|2|6|1|0
Malakand|217|48|12|8|0|0|10|1|1|23
Mansehra|506|94|0|0|0|0|0|10|0|0
Mardan|971|47|12|125|18|21|15|13|1|1
Mohmand|89|80|50|2|23|21|5|2|43|95
North Waziristan|112|5|65|41|1|7|26|17|1|10
Nowshera|1577|36|127|30|13|37|10|23|22|13
Orakzai|101|5|1|0|0|4|1|0|0|1
Peshawar|3068|219|6|46|16|54|69|25|0|2
Shangla|463|0|145|7|70|2|8|20|0|0
South Waziristan (Lower)|20|16|18|4|0|1|2|5|1|11
SWU|37|10|11|6|0|1|0|2|0|14
Swabi|1312|895|55|102|234|26|59|51|0|60
Swat|2040|206|11|78|93|66|9|21|0|0
Tank|359|23|67|4|0|12|5|0|0|0
Tor Ghar|91|0|36|13|18|11|0|3|8|0
Upper Kurram|206|144|8|13|8|24|0|4|0|27
Total|23680|3704|2539|973|945|777|540|508|354|321

### 2026 10
Districts|AD (noncholera)|ILI|Malaria|ALRI < 5 years|Animal / Dog Bite|B. Diarrhea|Measles|SARI|Typhoid|CL
Abbottabad|680|223|0|28|51|8|17|19|6|0
Bajaur|610|0|108|11|53|34|28|37|1|15
Bannu|781|4|766|10|5|12|79|4|84|11
Battagram|290|402|18|7|9|1|6|2|4|0
Buner|208|0|82|0|13|0|0|0|0|0
Charsadda|1709|661|201|202|30|92|39|0|62|1
Chitral Lower|311|14|4|20|13|19|0|13|7|6
Chitral Upper|81|15|2|4|0|1|0|3|13|0
D.I. Khan|2283|0|101|21|4|30|40|0|1|3
Dir Lower|1189|0|58|10|51|69|31|0|18|0
Dir Upper|451|26|4|67|11|14|4|0|12|0
Hangu|375|7|58|0|23|7|2|0|4|44
Haripur|1016|48|0|30|26|0|0|0|0|0
Karak|349|17|54|44|40|21|34|0|6|129
Khyber|329|7|55|8|52|61|2|2|31|28
Kohat|446|0|41|1|43|9|0|0|12|61
Kohistan Lower|135|0|0|2|0|1|2|0|1|0
Kohistan Upper|350|0|0|2|1|18|2|0|1|0
Kolai Palas|39|11|0|1|2|8|0|0|0|0
L & C Kurram|36|6|7|5|1|2|0|0|4|0
Lakki Marwat|532|5|119|6|86|0|0|0|9|0
Malakand|616|223|17|29|0|0|15|24|0|0
Mansehra|480|84|0|1|0|0|0|0|0|0
Mardan|1271|110|31|196|20|19|18|4|15|2
Mohmand|83|68|67|1|19|17|3|83|3|63
North Waziristan|67|6|42|37|3|7|42|18|18|0
Nowshera|1366|30|97|34|11|27|19|15|15|14
Orakzai|97|4|6|0|2|7|1|0|0|0
Peshawar|2876|270|9|54|1|55|95|22|22|0
Shangla|794|0|151|14|87|5|4|0|11|0
South Waziristan (Lower)|55|66|19|19|9|7|8|50|3|45
SWU|21|12|0|1|0|0|0|3|0|0
Swabi|1498|769|68|79|224|15|32|163|43|0
Swat|1843|110|35|72|41|49|3|0|18|0
Tank|450|21|76|3|0|0|1|0|0|0
Tor Ghar|83|0|16|12|14|5|2|0|3|8
Upper Kurram|199|113|10|11|6|14|1|18|5|0
Total|23999|3332|2322|1042|951|634|530|480|432|430

### 2026 11
Districts|AD (NonCholera)|ILI|Malaria|Animal / Dog Bite|ALRI < 5 years|B. Diarrhea|Typhoid|Measles|CL|SARI
Abbottabad|620|56|0|68|11|2|10|1|0|7
Bajaur|526|3|115|50|8|24|1|17|13|26
Bannu|789|4|810|2|9|13|103|70|15|1
Battagram|209|348|7|17|6|4|5|10|0|0
Buner|190|NR|68|NR|NR|NR|6|NR|NR|NR
Charsadda|1798|1106|229|22|301|106|188|49|0|0
Chitral Lower|318|19|3|16|18|9|5|1|2|10
Chitral Upper|106|17|2|1|2|5|12|0|1|3
D.I. Khan|2461|0|115|6|27|43|0|61|4|0
Dir Lower|1094|0|54|46|8|52|16|30|3|0
Dir Upper|787|51|7|5|8|13|6|0|0|0
Hangu|329|12|69|23|0|28|2|9|51|0
Haripur|907|46|0|34|25|0|0|0|0|0
Karak|366|6|30|28|50|13|5|42|171|0
Khyber|313|4|54|36|8|67|30|1|5|4
Kohat|370|3|29|34|7|18|11|1|79|0
Kohistan Lower|106|0|2|0|6|8|3|4|0|0
Kohistan Upper|252|0|0|0|8|9|1|0|0|0
Kolai Palas|60|8|0|0|1|2|0|0|0|0
L & C Kurram|48|5|9|1|4|4|2|1|0|0
Lakki Marwat|542|5|152|58|0|1|14|3|0|0
Malakand|497|234|3|0|23|0|0|9|1|18
Mansehra|235|62|0|0|7|0|9|0|0|0
Mardan|1436|60|33|20|113|42|18|17|2|2
Mohmand|113|62|75|14|1|17|1|1|54|77
North Waziristan|90|7|48|1|34|3|18|33|0|28
Nowshera|1381|26|83|18|20|25|34|28|27|12
Orakzai|56|4|0|0|0|2|0|2|0|0
Peshawar|3371|188|12|7|39|34|18|78|0|0
Shangla|594|0|147|118|12|2|9|3|0|0
South Waziristan (Lower)|13|55|11|21|29|1|7|6|23|7
SWU|28|4|2|0|2|0|0|0|0|1
Swabi|1438|502|36|171|38|8|48|43|0|58
Swat|1791|44|1|80|62|26|9|7|0|0
Tank|374|25|68|0|5|6|0|3|0|0
Tor Ghar|68|0|3|16|9|17|3|2|8|0
Upper Kurram|134|94|8|5|2|19|5|0|0|10
Total|23810|3060|2285|918|903|623|599|532|459|264

### 2026 12
Districts|AD (NonCholera)|Malaria|ILI|Animal / Dog Bite|ALRI < 5 years|B. Diarrhea|SARI|Measles|Typhoid|CL
Abbottabad|429|0|77|46|10|3|3|1|1|0
Bajaur|296|52|3|83|7|16|29|2|0|8
Bannu|410|475|3|4|5|9|0|60|50|2
Battagram|104|9|163|10|0|3|0|2|0|0
Buner|111|71|0|0|0|0|0|0|2|0
Charsadda|848|102|157|39|22|46|0|38|18|0
Chitral Lower|334|4|14|11|15|11|9|0|2|3
Chitral Upper|69|1|20|3|1|2|4|0|5|1
D.I. Khan|1663|57|0|28|17|25|0|50|0|0
Dir Lower|735|24|0|46|4|49|0|17|7|1
Dir Upper|685|3|23|7|52|12|0|1|8|0
Hangu|130|46|1|16|1|16|0|3|1|25
Haripur|654|0|140|68|32|8|4|9|15|0
Karak|213|34|10|23|28|6|0|27|4|107
Khyber|241|45|2|43|9|37|2|1|15|10
Kohat|276|11|0|26|2|8|0|3|5|11
Kohistan Lower|59|0|0|0|0|1|0|0|0|0
Kohistan Upper|212|1|0|0|0|14|0|1|0|0
Kolai Palas|40|0|14|0|4|1|10|0|1|0
L & C Kurram|43|10|5|0|2|3|0|0|3|0
Lakki Marwat|272|45|3|27|0|0|0|1|5|1
Malakand|920|5|23|0|38|0|40|5|0|2
Mansehra|238|0|36|0|0|0|0|0|0|0
Mardan|941|22|37|19|112|26|0|2|0|1
Mohmand|99|42|54|13|1|6|66|0|1|23
North Waziristan|39|30|5|1|25|14|67|12|8|5
Nowshera|877|51|9|15|7|42|7|7|5|8
Orakzai|57|0|1|0|0|8|0|0|0|0
Peshawar|1971|7|125|9|28|29|0|29|3|0
Shangla|585|181|1|68|12|1|0|6|4|0
South Waziristan (Lower)|24|12|35|12|6|4|30|5|4|2
SWU|10|0|0|0|0|0|0|0|0|0
Swabi|881|25|256|272|34|10|72|22|34|0
Swat|1369|11|115|124|55|23|1|5|7|0
Tank|237|40|19|0|3|4|0|1|0|0
Tor Ghar|34|6|0|6|6|6|0|0|3|3
Upper Kurram|122|8|69|15|6|16|10|0|7|0
Total|16228|1430|1420|1034|544|459|354|310|218|213

### 2026 13
Districts|AD (NonCholera)|ILI|Malaria|Animal / Dog Bite|ALRI < 5 years|B. Diarrhea|Measles|Typhoid|CL|SARI
Abbottabad|813|264|0|89|32|0|21|9|1|24
Bajaur|481|5|84|113|20|27|5|0|42|34
Bannu|745|4|795|2|5|17|75|74|2|0
Battagram|270|416|18|7|9|4|8|7|2|0
Buner|242|0|63|13|0|0|0|5|0|0
Charsadda|1349|453|317|32|131|74|27|69|0|0
Chitral Lower|448|18|5|12|10|16|0|3|2|3
Chitral Upper|148|27|3|13|3|4|1|14|0|7
D.I. Khan|2275|0|106|26|11|37|57|0|1|0
Dir Lower|1155|0|51|52|5|57|18|11|1|0
Dir Upper|965|52|13|15|95|18|9|11|0|1
Hangu|309|5|62|20|0|52|2|2|31|0
Haripur|1572|96|11|25|71|8|1|6|0|0
Karak|361|4|22|27|47|15|26|2|139|0
Khyber|457|18|104|52|25|58|1|25|43|3
Kohat|377|0|16|42|0|21|0|7|34|0
Kohistan Lower|114|0|1|0|0|5|0|2|0|0
Kohistan Upper|289|0|0|0|27|11|2|2|0|0
Kolai Palas|63|10|0|0|1|5|0|0|0|0
L & C Kurram|41|6|11|1|4|3|0|3|0|0
Lakki Marwat|537|9|121|84|0|0|7|8|2|0
Malakand|599|60|7|0|10|0|8|0|1|3
Mansehra|424|33|0|0|7|1|0|5|0|0
Mardan|1017|64|20|14|89|23|29|16|2|0
Mohmand|97|44|52|15|2|8|3|1|44|60
North Waziristan|95|5|45|2|10|11|10|8|1|22
Nowshera|1469|23|111|29|19|47|36|16|18|7
Orakzai|86|4|6|3|0|8|0|0|0|0
Peshawar|3255|206|13|8|23|62|44|10|0|32
Shangla|576|0|209|125|17|3|8|11|0|0
South Waziristan (Lower)|45|31|23|20|25|7|7|4|11|59
SWU|23|0|12|0|2|0|0|0|0|13
Swabi|1280|616|56|203|34|6|39|34|0|78
Swat|2082|200|26|163|25|56|10|17|0|0
Tank|275|23|52|0|4|3|3|0|0|0
Tor Ghar|100|0|12|10|3|5|0|2|7|0
Upper Kurram|195|102|9|9|16|24|0|6|0|8
Total|24629|2798|2456|1226|782|696|457|390|384|354

### 2026 14
Districts|AD (NonCholera)|ILI|Malaria|Animal / Dog Bite|ALRI < 5 years|B. Diarrhea|Measles|SARI|Typhoid|CL
Abbottabad|771|251|0|69|62|4|16|5|11|0
Bajaur|620|0|88|91|22|37|3|32|3|23
Bannu|740|3|781|1|2|4|74|0|77|6
Battagram|206|380|13|12|0|1|1|0|0|0
Buner|241|0|57|0|0|0|0|0|4|0
Charsadda|1606|358|255|34|153|74|64|1|44|0
Chitral Lower|334|19|3|12|13|17|2|7|2|10
Chitral Upper|124|21|1|9|2|4|1|5|17|1
D.I. Khan|2051|0|99|15|20|27|60|0|1|1
Dir Lower|1211|0|32|51|7|64|25|0|14|0
Dir Upper|1086|31|8|21|74|19|9|2|9|0
Hangu|328|6|67|15|1|65|6|0|2|21
Haripur|1323|507|0|97|78|0|3|5|15|0
Karak|425|47|50|28|34|8|32|0|5|103
Khyber|332|12|79|49|13|57|0|4|17|81
Kohat|472|0|21|36|2|16|1|0|10|6
Kohistan Lower|87|0|0|0|0|4|0|0|2|0
Kohistan Upper|326|0|2|0|2|12|2|3|0|0
Kolai Palas|67|9|0|0|4|0|0|21|2|0
L & C Kurram|10|2|0|0|2|3|0|0|0|0
Lakki Marwat|568|6|118|97|0|4|6|0|9|0
Malakand|480|80|19|0|16|0|3|8|0|4
Mansehra|357|63|0|5|0|0|0|0|3|0
Mardan|1317|31|34|11|95|37|4|1|0|0
Mohmand|100|72|43|15|0|4|5|84|2|62
North Waziristan|25|12|24|2|10|10|6|17|3|2
Nowshera|1592|20|109|52|15|17|6|9|13|19
Orakzai|95|3|3|2|0|7|0|0|0|0
Peshawar|4006|211|8|13|45|51|62|0|25|0
Shangla|888|0|267|61|14|10|3|0|3|0
South Waziristan (Lower)|57|61|15|12|19|11|4|43|3|14
SWU|34|1|11|0|2|0|0|11|1|0
Swabi|1542|663|68|250|34|10|38|118|35|0
Swat|1850|175|15|139|64|38|5|0|25|0
Tank|343|19|55|0|3|4|1|0|0|0
Tor Ghar|93|0|25|10|12|13|0|0|6|5
Upper Kurram|199|146|8|8|25|29|0|37|6|0
Total|25906|3209|2378|1217|845|661|442|413|369|358

### 2026 15
Districts|AD (NonCholera)|Malaria|ILI|Animal / Dog Bite|B. Diarrhea|ALRI < 5 years|Measles|CL|Typhoid|SARI
Abbottabad|842|3|277|60|0|41|7|0|10|26
Bajaur|585|100|3|97|28|7|19|28|0|39
Bannu|825|891|3|4|7|8|103|16|73|0
Battagram|276|23|316|0|10|12|0|0|2|0
Buner|240|28|0|0|0|0|0|0|3|0
Charsadda|1949|315|352|36|119|129|28|1|60|2
Chitral Lower|516|6|20|14|22|14|0|5|6|9
Chitral Upper|101|1|18|5|5|5|0|0|8|4
D.I. Khan|2508|187|0|28|39|29|84|4|0|0
Dir Lower|1233|32|0|56|59|7|26|3|19|0
Dir Upper|1107|6|32|9|13|34|5|0|9|2
Hangu|402|85|9|15|76|1|0|18|3|0
Haripur|1515|0|243|81|0|67|4|0|9|24
Karak|477|55|14|33|21|45|33|162|7|0
Khyber|618|144|23|51|82|10|1|61|35|4
Kohat|583|43|0|68|18|3|0|65|11|0
Kohistan Lower|102|3|0|0|11|0|0|1|2|0
Kohistan Upper|378|1|0|2|22|5|0|0|0|0
Kolai Palas|91|0|4|0|1|2|0|0|0|0
L & C Kurram|6|10|1|0|11|3|0|0|2|0
Lakki Marwat|670|143|0|67|3|0|7|0|10|0
Malakand|387|17|53|0|0|13|6|1|0|6
Mansehra|166|0|6|0|0|0|0|0|4|0
Mardan|1808|42|9|13|28|51|28|1|29|0
Mohmand|99|54|12|1|2|0|3|53|1|13
North Waziristan|54|64|3|3|8|18|15|1|10|9
Nowshera|2099|146|28|63|26|21|40|3|6|1
Orakzai|100|6|4|4|4|0|0|0|0|0
Peshawar|4694|13|229|12|56|30|70|0|27|0
Shangla|825|343|0|167|6|4|4|0|18|0
South Waziristan (Lower)|69|22|110|20|1|32|3|0|23|42
SWU|39|11|7|3|0|1|0|0|1|6
Swabi|1335|48|507|191|8|16|33|0|6|27
Swat|2351|14|80|191|46|77|4|0|11|0
Tank|448|86|23|0|6|2|5|0|0|0
Tor Ghar|80|18|0|15|14|6|0|6|1|0
Upper Kurram|231|16|140|32|29|3|0|0|4|45
Total|29809|2976|2526|1341|781|696|528|429|410|259

### 2026 16
Districts|AD (Non-Cholera)|ILI|Malaria|Animal / Dog Bite|B. Diarrhea|ALRI < 5 years|CL|SARI|Typhoid|Measles
Abbottabad|865|280|2|62|6|36|1|13|1|3
Bajaur|644|5|134|100|32|14|25|99|1|7
Bannu|858|3|823|0|13|9|8|0|81|88
Battagram|241|496|51|12|9|12|0|3|5|0
Buner|251|0|76|0|0|0|0|0|5|0
Charsadda|1720|353|158|35|90|103|1|0|77|16
Chitral Lower|475|17|5|8|23|5|10|20|6|1
Chitral Upper|121|16|1|4|2|1|0|5|9|1
D.I. Khan|2534|0|187|26|38|24|1|0|3|84
Dir Lower|1807|0|42|64|71|7|4|0|21|19
Dir Upper|1342|37|7|12|34|52|0|0|12|8
Hangu|381|0|73|25|63|2|21|0|1|2
Haripur|1945|365|0|99|0|21|0|5|10|1
Karak|421|44|82|33|16|40|154|0|5|31
Khyber|668|23|178|44|125|81|101|5|52|0
Kohat|779|2|35|42|20|0|80|0|0|3
Kohistan Lower|59|0|0|0|3|0|0|0|1|0
Kohistan Upper|285|0|1|0|24|2|0|0|0|1
Kolai Palas|67|5|0|0|1|0|0|4|1|0
L & C Kurram|27|6|0|0|1|0|0|0|2|0
Lakki Marwat|649|13|187|89|10|1|0|0|11|3
Malakand|683|131|19|0|0|11|2|10|0|8
Mansehra|766|105|0|0|0|0|0|0|28|0
Mardan|1678|12|58|17|57|61|0|2|37|43
Mohmand|119|103|91|3|2|0|84|107|0|3
North Waziristan|97|3|96|3|11|21|10|5|12|8
Nowshera|2781|29|167|62|23|20|27|26|11|44
Orakzai|121|6|15|9|6|0|0|0|0|0
Peshawar|5613|350|33|13|93|32|2|0|23|52
Shangla|1062|0|382|160|4|17|0|0|14|4
South Waziristan (Lower)|82|164|52|18|32|7|21|121|7|2
SWU|31|3|9|3|0|4|0|11|1|0
Swabi|1646|577|69|79|18|47|0|21|26|25
Swat|2303|88|15|179|34|70|0|0|0|6
Tank|414|21|98|0|4|3|0|0|1|3
Tor Ghar|67|0|18|14|10|17|6|0|2|0
Upper Kurram|215|127|7|35|21|9|0|49|5|1
Total|33817|3384|3171|1250|896|729|558|506|471|467

### 2026 17
Districts|AD (Non-Cholera)|Malaria|ILI|Animal / Dog Bite|B. Diarrhea|ALRI < 5 years|CL|Measles|Typhoid|SARI
Abbottabad|1073|7|46|85|8|37|0|16|14|7
Bajaur|650|209|0|126|34|6|23|17|0|54
Bannu|922|993|4|1|14|5|8|97|92|0
Battagram|374|67|639|8|2|4|0|4|3|7
Buner|646|123|0|18|0|0|0|0|3|0
Charsadda|2495|289|396|48|105|123|1|45|99|2
Chitral Lower|587|5|14|17|19|14|11|1|7|11
Chitral Upper|134|2|15|8|5|0|1|1|12|4
D.I. Khan|2835|228|0|26|36|26|1|89|0|0
Dir Lower|2208|50|0|77|69|5|0|27|23|0
Dir Upper|1557|13|36|21|23|69|0|3|14|0
Hangu|523|94|2|24|63|0|30|0|2|0
Haripur|2255|1|445|52|5|51|0|8|0|22
Karak|369|129|28|23|26|24|137|27|12|0
Khyber|746|237|17|47|83|46|275|5|30|6
Kohat|787|51|0|39|42|2|72|1|29|0
Kohistan Lower|111|0|0|0|4|0|0|0|6|0
Kohistan Upper|466|2|3|2|25|32|0|2|3|0
Kolai Palas|107|1|10|0|3|2|0|0|2|12
L & C Kurram|39|12|2|1|4|0|0|0|2|0
Lakki Marwat|653|190|8|88|5|5|2|7|17|0
Malakand|987|30|110|0|0|13|4|21|0|7
Mansehra|920|0|54|0|0|0|0|0|1|0
Mardan|2296|108|7|23|65|116|2|27|34|2
Mohmand|61|81|0|3|11|0|11|0|2|0
North Waziristan|109|98|3|5|8|23|5|23|20|7
Nowshera|2863|228|25|50|22|27|15|41|22|29
Orakzai|135|8|8|18|3|1|0|3|1|0
Peshawar|5559|20|381|19|101|41|0|88|31|0
Shangla|1321|469|0|75|20|13|0|4|25|0
South Waziristan (Lower)|46|56|60|15|18|11|12|10|5|27
SWU|34|14|2|0|0|1|0|0|1|0
Swabi|2322|75|572|129|7|25|0|34|3|18
Swat|3188|32|205|254|118|73|0|4|54|0
Tank|466|102|26|10|4|4|0|6|0|0
Tor Ghar|116|46|0|17|23|1|10|0|3|0
Upper Kurram|250|16|121|45|30|20|0|0|4|61
Total|40210|4086|3239|1374|1005|820|620|611|576|276

### 2026 18
Districts|AD (NonCholera)|Malaria|ILI|Animal / Dog Bite|B. Diarrhea|ALRI < 5 years|Typhoid|Measles|CL|SARI
Abbottabad|852|0|47|56|5|32|7|4|0|6
Bajaur|676|137|0|64|28|14|2|16|25|20
Bannu|858|857|4|0|13|5|71|89|6|0
Battagram|360|57|524|10|2|2|2|0|0|3
Buner|370|84|0|16|0|0|58|0|0|0
Charsadda|1868|239|269|52|93|107|102|20|0|0
Chitral Lower|571|8|19|5|17|19|7|2|12|11
Chitral Upper|114|4|7|2|4|4|8|0|0|4
D.I. Khan|2911|211|0|18|41|26|1|93|2|0
Dir Lower|2014|72|0|92|73|9|19|22|9|0
Dir Upper|1484|5|21|21|38|95|12|6|0|0
Hangu|457|67|0|8|70|0|2|0|20|0
Haripur|1599|0|405|67|0|38|15|10|0|21
Karak|480|144|3|36|31|33|7|36|145|0
Khyber|712|237|54|36|122|47|37|0|47|2
Kohat|730|70|3|58|35|0|10|1|73|0
Kohistan Lower|104|0|0|0|2|0|1|1|0|0
Kohistan Upper|437|17|0|2|10|2|0|1|2|0
Kolai Palas|105|0|7|0|2|0|2|0|0|4
L & C Kurram|7|4|0|0|4|0|1|2|0|0
Lakki Marwat|812|158|0|83|10|2|10|5|0|0
Malakand|950|13|178|0|0|20|0|13|2|27
Mansehra|597|0|67|0|0|0|11|0|0|0
Mardan|2005|84|3|18|55|94|25|41|1|1
Mohmand|121|43|98|6|10|0|5|3|51|107
North Waziristan|68|75|3|3|8|3|9|19|3|4
Nowshera|2824|252|19|60|23|27|4|27|21|11
Orakzai|103|7|0|18|1|0|0|2|0|0
Peshawar|4980|18|362|15|91|35|20|60|0|0
Shangla|1318|489|0|230|5|20|18|3|0|0
South Waziristan (Lower)|107|67|112|12|39|9|10|5|13|106
SWU|22|3|4|0|0|0|0|0|0|0
Swabi|2175|89|522|167|16|12|2|33|0|73
Swat|2861|44|207|260|53|67|44|10|0|0
Tank|366|109|26|9|2|3|0|1|0|0
Tor Ghar|159|60|0|15|22|12|4|0|8|0
Upper Kurram|213|4|158|52|47|13|2|0|0|36
Total|36390|3728|3122|1491|972|750|528|525|440|436

### 2026 19
Districts|AD (Non-Cholera)|Malaria|ILI|Animal / Dog Bite|B. Diarrhea|ALRI < 5 years|Measles|Typhoid|SARI|CL
Abbottabad|1036|4|27|64|13|32|3|10|3|0
Bajaur|872|165|7|83|45|23|13|1|32|31
Bannu|1007|969|3|3|16|7|94|82|0|7
Battagram|407|46|386|7|2|2|6|2|5|0
Buner|480|123|0|0|0|0|0|2|0|0
Charsadda|2405|300|322|54|99|144|22|79|1|0
Chitral Lower|676|11|18|20|32|22|18|3|21|12
Chitral Upper|152|4|19|2|4|9|0|13|3|0
D.I. Khan|3074|323|0|27|40|25|80|1|0|3
Dir Lower|1922|72|0|59|90|4|25|28|0|2
Dir Upper|1117|11|41|11|21|2|0|3|0|0
Hangu|486|91|5|30|44|1|12|2|0|9
Haripur|1865|4|337|81|9|61|10|7|10|0
Karak|650|119|15|39|29|37|32|7|0|120
Khyber|723|268|38|29|158|19|0|28|3|16
Kohat|890|61|4|41|68|0|4|12|0|68
Kohistan Lower|123|0|0|0|2|0|0|5|0|0
Kohistan Upper|364|1|0|1|13|2|0|0|0|0
Kolai Palas|83|1|8|0|3|2|0|1|0|0
L & C Kurram|43|0|4|3|2|0|0|0|0|0
Lakki Marwat|921|160|0|97|9|3|3|9|0|2
Malakand|997|19|140|0|0|13|11|0|24|1
Mansehra|872|2|77|0|1|0|0|1|0|0
Mardan|2039|121|11|22|68|77|28|29|0|0
Mohmand|121|122|110|8|3|1|8|5|122|46
North Waziristan|65|84|5|1|8|8|21|15|3|7
Nowshera|2887|336|23|98|34|24|9|5|12|11
Orakzai|141|14|7|13|1|0|1|0|0|0
Peshawar|6153|28|261|16|131|21|58|45|0|1
Shangla|1479|772|0|308|5|10|7|36|0|1
South Waziristan (Lower)|67|77|115|17|42|15|11|11|117|16
SWU|41|21|2|0|0|0|0|0|1|0
Swabi|2436|69|558|126|28|18|39|3|59|0
Swat|3886|22|52|158|27|86|4|25|0|0
Tank|560|128|24|10|2|4|3|0|0|0
Tor Ghar|139|62|0|15|21|12|2|4|0|4
Upper Kurram|249|15|177|102|37|19|0|12|31|0
Total|41428|4625|2796|1545|1107|703|524|486|447|357

### 2026 20
Districts|AD (NonCholera)|Malaria|ILI|Animal / Dog Bite|B. Diarrhea|ALRI < 5 years|Measles|Typhoid|SARI|CL
Abbottabad|1095|14|57|68|3|31|14|12|24|0
Bajaur|1017|242|3|111|52|11|18|4|30|25
Bannu|992|1062|4|2|14|7|108|94|0|12
Battagram|470|57|602|5|3|3|0|3|4|0
Buner|473|122|0|43|0|0|1|1|0|0
Charsadda|2031|361|258|41|75|114|23|67|0|0
Chitral Lower|808|13|27|5|37|11|3|8|12|7
Chitral Upper|193|5|13|5|4|12|0|10|2|1
D.I. Khan|2936|367|0|44|33|23|89|2|0|3
Dir Lower|2090|78|0|84|97|8|30|25|0|8
Dir Upper|1618|10|31|21|39|49|11|19|0|0
Hangu|359|100|1|30|24|0|1|5|0|8
Haripur|2137|4|261|76|3|49|4|0|0|0
Karak|665|167|21|48|45|36|26|4|0|149
Khyber|717|334|25|46|157|79|3|73|2|32
Kohat|866|82|0|23|62|0|0|9|0|33
Kohistan Lower|96|1|0|0|4|0|0|1|0|0
Kohistan Upper|394|13|0|1|22|0|1|0|0|0
Kolai Palas|92|1|6|0|0|0|0|0|4|0
L & C Kurram|54|0|2|0|1|0|0|0|0|0
Lakki Marwat|794|222|0|108|8|0|5|9|0|1
Malakand|1505|39|168|0|0|12|7|2|18|0
Mansehra|889|2|128|0|26|0|0|12|9|0
Mardan|2615|216|1|19|88|65|8|2|0|3
Mohmand|146|104|125|21|12|0|4|1|117|51
North Waziristan|80|108|4|0|10|16|14|17|9|1
Nowshera|2701|304|27|103|27|26|23|6|10|23
Orakzai|188|14|6|14|9|0|0|0|0|0
Peshawar|6492|33|457|19|116|15|78|30|0|0
Shangla|1268|927|0|251|2|7|6|10|0|0
South Waziristan (Lower)|157|108|126|25|70|33|11|10|113|27
SWU|27|2|2|0|0|0|0|0|0|0
Swabi|2716|86|552|142|40|28|30|4|70|0
Swat|3815|35|252|240|56|97|6|42|0|0
Tank|503|145|21|3|2|5|0|0|0|0
Tor Ghar|163|63|0|12|24|18|1|4|0|7
Upper Kurram|209|15|90|36|21|16|0|21|9|0
Total|43371|5456|3270|1646|1186|771|525|507|433|391

### 2026 21
Districts|AD (NonCholera)|Malaria|ILI|B. Diarrhea|Animal / Dog Bite|ALRI < 5 years|Measles|SARI|Typhoid|CL
Abbottabad|1131|4|32|10|55|23|15|14|8|1
Bajaur|910|207|2|49|77|17|15|37|1|23
Bannu|1068|885|2|21|2|7|110|6|91|3
Battagram|399|54|523|0|4|10|10|0|0|0
Buner|490|113|0|0|0|0|0|0|0|0
Charsadda|2214|324|314|126|43|125|9|0|108|0
Chitral Lower|654|19|15|41|3|19|5|7|2|8
Chitral Upper|198|7|9|4|2|2|0|6|13|1
D.I. Khan|2580|435|0|39|37|14|102|0|0|1
Dir Lower|1962|107|0|90|57|3|17|0|32|1
Dir Upper|1282|8|21|31|21|89|8|0|21|0
Hangu|283|114|0|26|27|0|1|0|2|13
Haripur|1947|5|116|0|79|21|5|0|0|0
Karak|729|187|18|1175|33|37|22|0|7|153
Khyber|731|315|16|179|34|23|7|5|19|23
Kohat|821|113|0|56|13|1|1|0|15|58
Kohistan Lower|63|1|0|2|0|0|0|0|0|0
Kohistan Upper|451|7|0|18|4|0|1|0|1|0
Kolai Palas|88|0|7|1|0|1|0|2|0|0
L & C Kurram|17|0|0|2|0|0|0|0|0|0
Lakki Marwat|773|215|6|7|91|2|5|0|14|0
Malakand|1795|21|53|0|0|6|16|7|0|4
Mansehra|1077|0|120|27|0|7|0|0|17|0
Mardan|2059|222|1|53|33|66|5|0|0|2
Mohmand|151|72|157|5|5|0|4|127|5|39
North Waziristan|69|85|7|6|0|13|9|14|16|0
Nowshera|2587|326|26|33|111|20|29|12|11|28
Orakzai|130|6|4|9|8|0|0|0|0|0
Peshawar|5525|41|226|92|19|11|50|0|20|0
Shangla|1092|331|0|3|240|6|4|0|5|0
South Waziristan (Lower)|83|96|153|34|0|21|20|144|3|39
SWU|53|17|9|0|0|2|0|0|0|0
Swabi|2690|111|441|32|33|26|37|74|7|0
Swat|3779|21|176|106|257|66|1|0|35|0
Tank|485|163|18|6|0|6|2|0|0|0
Tor Ghar|214|61|0|29|15|8|0|0|3|10
Upper Kurram|228|21|176|29|28|20|1|32|5|0
Total|40808|4714|2648|2341|1331|672|511|487|461|407

### 2026 22
Districts|AD (Non-Cholera)|Malaria|ILI|Animal / Dog Bite|B. Diarrhea|ALRI < 5 years|SARI|Measles|Typhoid|CL
Abbottabad|812|3|24|64|4|20|8|12|7|0
Bajaur|605|128|0|32|36|19|19|6|0|5
Bannu|448|562|1|1|8|5|8|90|47|3
Battagram|217|36|168|5|0|0|0|0|0|0
Buner|209|80|0|12|0|0|0|0|3|0
Charsadda|802|108|170|42|25|96|1|9|49|0
Chitral Lower|943|5|19|4|35|8|18|1|8|1
Chitral Upper|123|6|13|4|5|2|5|0|5|1
D.I. Khan|1647|204|0|26|17|12|0|35|1|1
Dir Lower|1709|44|0|73|50|7|0|8|2|3
Dir Upper|1239|5|16|14|19|82|0|2|5|0
Hangu|231|74|1|20|5|1|0|2|2|0
Haripur|884|3|139|68|3|17|0|3|10|0
Karak|296|54|10|19|26|18|0|4|3|89
Khyber|560|151|16|59|97|3|4|0|18|51
Kohat|290|25|0|26|28|0|0|0|3|16
Kohistan Lower|27|2|0|0|3|0|0|0|2|0
Kohistan Upper|205|5|0|1|19|0|0|0|0|0
Kolai Palas|66|0|6|0|0|0|10|0|0|0
L & C Kurram|7|2|0|0|4|0|0|0|1|0
Lakki Marwat|466|116|5|88|6|1|0|2|8|0
Malakand|1464|7|155|0|0|2|3|5|0|3
Mansehra|529|1|53|0|44|0|2|0|5|0
Mardan|1271|124|2|16|41|37|0|15|16|1
Mohmand|123|55|67|10|3|0|75|3|0|22
North Waziristan|11|36|1|0|0|7|2|7|5|0
Nowshera|1593|181|11|34|27|7|5|3|6|10
Orakzai|3|0|0|0|3|0|0|0|0|0
Peshawar|2360|15|102|14|38|13|0|46|14|0
Shangla|1264|460|0|197|9|5|0|4|7|0
South Waziristan (Lower)|84|98|77|19|58|12|89|1|9|7
SWU|0|0|0|0|0|0|0|0|0|0
Swabi|1627|50|261|131|12|6|36|17|1|0
Swat|2370|15|141|229|44|41|0|3|12|0
Tank|228|70|15|3|0|8|0|0|0|0
Tor Ghar|101|31|0|8|12|4|0|0|2|3
Upper Kurram|114|4|48|18|12|0|41|0|1|0
Total|24928|2760|1521|1237|693|433|326|278|252|216

### 2026 23
Districts|AD (NonCholera)|Malaria|ILI|Animal / Dog Bite|B. Diarrhea|ALRI < 5 years|Typhoid|Measles|SARI|CL
Abbottabad|1485|5|33|84|16|38|13|19|20|1
Bajaur|1177|306|2|81|70|12|1|22|28|43
Bannu|1036|985|5|1|16|9|97|95|8|7
Battagram|539|105|517|5|0|0|0|0|0|0
Buner|417|221|0|19|0|0|3|0|0|0
Charsadda|2705|345|535|6|98|161|124|23|0|0
Chitral Lower|1165|19|12|15|48|12|10|7|12|11
Chitral Upper|229|5|15|4|3|8|15|0|5|0
D.I. Khan|2649|509|0|26|24|18|1|68|0|1
Dir Lower|2469|169|0|73|98|5|35|27|0|15
Dir Upper|3037|19|32|18|49|83|19|6|0|0
Hangu|286|100|41|3|0|0|1|0|0|12
Haripur|2328|0|501|99|5|17|10|5|2|0
Karak|639|186|11|26|37|25|3|25|0|59
Khyber|962|601|15|85|163|48|26|1|11|60
Kohat|809|119|0|21|43|0|4|3|0|56
Kohistan Lower|117|2|0|0|4|0|4|0|0|0
Kohistan Upper|409|5|0|2|27|1|0|3|0|0
Kolai Palas|89|2|5|0|3|2|1|0|4|0
L & C Kurram|11|0|1|1|2|0|0|0|0|0
Lakki Marwat|744|281|5|94|8|0|16|4|0|0
Malakand|1538|34|160|0|0|1|0|30|7|0
Mansehra|1410|5|79|0|5|24|16|0|22|0
Mardan|2408|300|27|27|71|115|36|21|0|2
Mohmand|121|97|88|18|5|0|5|6|69|52
North Waziristan|8|69|3|0|2|3|6|1|4|2
Nowshera|2858|420|9|99|39|17|7|4|12|29
Orakzai|174|11|4|0|1|0|0|0|0|0
Peshawar|5318|47|204|31|160|17|50|55|0|0
Shangla|1677|517|0|169|12|9|21|8|0|0
South Waziristan (Lower)|121|164|148|17|78|27|12|10|111|34
SWU|44|4|8|0|0|0|0|0|0|0
Swabi|2559|119|626|127|33|27|8|32|67|0
Swat|4582|41|247|231|64|88|24|9|0|0
Tank|415|160|17|5|8|5|2|0|0|0
Tor Ghar|172|73|0|4|25|11|3|1|0|4
Upper Kurram|159|11|51|19|22|0|2|0|31|0
Total|46866|6056|3401|1410|1239|783|575|485|413|388

### 2026 24
Districts|AD (NonCholera)|Malaria|ILI|Animal / Dog Bite|B. Diarrhea|ALRI < 5 years|Typhoid|CL|Measles|SARI
Abbottabad|1427|7|39|74|19|29|12|0|16|5
Bajaur|1174|399|4|74|75|9|3|31|9|26
Bannu|1218|977|4|10|29|12|81|3|67|10
Battagram|437|68|549|4|0|3|5|0|5|0
Buner|667|226|0|24|0|0|4|0|0|0
Charsadda|2697|285|363|28|100|153|105|1|13|0
Chitral Lower|1313|18|18|9|55|6|8|8|9|18
Chitral Upper|235|6|15|6|5|6|15|1|0|5
D.I. Khan|2186|587|0|22|28|9|2|3|62|0
Dir Lower|2109|148|0|88|112|6|38|10|23|0
Dir Upper|1687|9|33|15|20|6|3|0|1|0
Hangu|324|79|47|39|0|0|2|15|0|0
Haripur|2374|7|542|94|5|8|4|0|5|0
Karak|758|229|15|55|116|69|22|80|17|0
Khyber|1090|679|26|67|121|21|49|124|1|4
Kohat|817|173|0|30|68|4|29|45|1|0
Kohistan Lower|116|5|0|0|5|0|0|0|0|0
Kohistan Upper|433|13|0|0|27|3|0|0|4|15
Kolai Palas|124|0|8|0|2|0|0|0|0|0
L & C Kurram|58|12|6|4|15|0|2|0|0|0
Lakki Marwat|693|288|6|78|5|6|15|0|5|0
Malakand|1980|43|336|22|0|1|0|0|15|1
Mansehra|1874|7|414|0|19|5|18|0|1|35
Mardan|2007|355|17|28|87|86|46|1|35|0
Mohmand|140|108|94|9|8|2|5|54|8|83
North Waziristan|37|88|3|1|5|8|11|1|9|6
Nowshera|2857|503|21|97|41|22|6|33|5|14
Orakzai|199|16|5|7|7|0|0|0|0|0
Peshawar|6615|58|163|23|137|34|49|0|61|1
Shangla|2022|473|0|210|30|17|11|0|3|0
South Waziristan (Lower)|211|157|214|26|100|24|9|33|21|102
SWU|35|0|15|0|0|0|0|0|0|0
Swabi|2694|107|529|142|13|19|8|0|27|76
Swat|4932|34|36|182|74|57|33|0|4|0
Tank|492|216|19|0|6|4|2|1|2|0
Tor Ghar|182|111|0|9|34|5|3|16|0|0
Upper Kurram|210|13|44|13|21|4|11|0|0|23
Total|48425|6504|3585|1490|1389|638|611|460|429|424

### 2026 25
Districts|AD (Non-Cholera)|Malaria|ILI|Animal / Dog Bite|B. Diarrhea|Typhoid|ALRI < 5 years|Measles|CL|TB
Abbottabad|1199|2|24|48|9|11|20|10|0|15
Bajaur|1065|358|1|99|55|2|14|17|26|12
Bannu|1025|952|4|4|28|97|5|70|8|18
Battagram|415|75|453|12|2|19|2|8|0|6
Buner|470|136|0|17|0|4|0|0|0|7
Charsadda|2921|345|511|35|85|127|113|13|0|5
Chitral Lower|1061|18|15|15|34|9|8|1|9|3
Chitral Upper|198|11|18|7|3|12|6|2|0|1
D.I. Khan|1947|556|0|38|28|5|14|60|0|15
Dir Lower|2178|152|0|91|115|32|6|19|11|2
Dir Upper|1941|16|26|21|28|11|57|7|0|4
Hangu|261|132|37|30|0|0|0|11|10|0
Haripur|1946|1|293|72|3|4|2|5|0|3
Karak|607|180|20|43|51|7|45|19|53|8
Khyber|917|620|53|72|132|49|37|2|44|11
Kohat|809|193|0|52|38|25|2|1|35|1
Kohistan Lower|129|3|0|0|5|4|0|0|0|0
Kohistan Upper|252|12|0|1|5|0|2|1|0|0
Kolai Palas|126|1|4|0|2|0|0|0|0|0
L & C Kurram|26|9|6|0|6|3|0|0|0|0
Lakki Marwat|647|259|0|68|5|21|3|5|0|3
Malakand|1332|21|77|7|0|0|0|5|0|5
Mansehra|1483|5|323|0|22|5|8|0|0|2
Mardan|2006|332|37|19|73|35|115|32|3|1
Mohmand|68|76|11|1|3|3|0|1|11|0
North Waziristan|100|99|3|1|7|11|0|8|6|0
Nowshera|2672|418|15|19|35|12|24|20|30|20
Orakzai|138|12|3|0|0|0|0|0|0|0
Peshawar|5588|67|196|24|145|31|33|69|0|15
Shangla|1460|476|0|196|10|36|9|4|0|62
South Waziristan (Lower)|196|171|206|22|108|9|16|11|29|13
SWU|22|4|2|0|0|0|0|0|0|0
Swabi|2623|108|553|142|27|6|14|23|0|21
Swat|4526|65|154|171|65|28|10|14|0|6
Tank|422|205|21|0|7|3|3|0|1|4
Tor Ghar|173|92|0|11|24|12|6|1|5|6
Upper Kurram|185|7|36|1|16|14|12|0|0|0
Total|43134|6189|3102|1339|1176|647|586|439|281|269

### 2026 27
Districts|AD (Non-Cholera)|Malaria|ILI|Animal / Dog Bite|B. Diarrhea|ALRI < 5 years|Typhoid|SARI|Measles|CL
Abbottabad|1563|5|33|57|20|32|4|15|9|0
Bajaur|1161|355|3|123|66|16|4|6|17|36
Bannu|1168|622|13|2|15|5|93|8|66|4
Battagram|363|73|556|1|1|6|13|0|12|0
Buner|353|101|0|16|0|0|0|0|1|0
Charsadda|2880|199|385|6|95|161|104|0|7|0
Chitral Lower|1155|19|16|18|53|7|4|6|1|7
Chitral Upper|196|7|18|5|7|3|14|5|0|1
D.I. Khan|1997|508|0|29|23|11|7|0|50|2
Dir Lower|2263|145|0|77|92|5|33|0|24|13
Dir Upper|2101|25|35|37|60|72|18|0|9|0
Hangu|224|70|6|0|0|0|1|0|1|7
Haripur|2132|0|398|49|9|23|9|55|5|0
Karak|592|193|48|38|34|42|13|0|9|92
Khyber|879|650|7|43|107|45|33|2|0|113
Kohat|832|174|0|23|20|0|13|0|0|22
Kohistan Lower|87|1|0|0|10|0|3|0|0|0
Kohistan Upper|269|8|0|2|16|2|0|0|6|0
Kolai Palas|89|9|8|0|2|1|0|0|0|0
L & C Kurram|29|3|19|2|19|2|3|0|0|0
Lakki Marwat|660|208|0|97|2|3|23|0|1|1
Malakand|996|56|157|3|0|1|2|2|18|1
Mansehra|1790|1|555|0|46|0|4|0|0|0
Mardan|2051|277|3|20|48|86|64|26|13|0
Mohmand|52|72|2|2|0|0|1|0|1|8
North Waziristan|79|69|1|0|0|6|7|8|10|1
Nowshera|2791|171|15|98|31|28|5|13|4|24
Orakzai|184|10|3|0|0|0|0|0|0|0
Peshawar|5841|71|225|32|96|28|62|0|58|0
Shangla|1480|584|0|191|9|37|41|0|6|0
South Waziristan (Lower)|134|124|198|20|57|5|7|196|17|13
SWU|42|5|3|0|0|0|0|0|0|0
Swabi|2758|112|567|129|34|15|4|91|12|0
Swat|5673|101|193|189|135|75|8|0|15|0
Tank|380|191|21|3|7|3|3|3|0|0
Tor Ghar|228|79|0|10|24|6|7|0|1|1
Upper Kurram|231|24|49|21|23|10|13|40|0|0
Total|45703|5322|3537|1343|1161|736|620|476|373|346

### 2026 28
Districts|AD (NonCholera)|Malaria|ILI|Animal / Dog Bite|B. Diarrhea|ALRI < 5 years|Typhoid|CL|Measles|SARI
Abbottabad|1584|17|28|55|15|13|8|1|16|3
Bajaur|1025|377|1|149|55|12|1|35|12|5
Bannu|1122|767|4|23|16|5|82|7|42|0
Battagram|623|40|586|5|5|9|2|0|19|3
Buner|617|73|16|NR|20|91|6|NR|1|NR
Charsadda|3101|314|249|12|84|130|85|1|15|0
Chitral Lower|1322|16|11|16|43|14|9|11|8|13
Chitral Upper|249|5|14|4|7|3|17|1|1|3
D.I. Khan|1924|478|0|40|22|21|2|2|40|0
Dir Lower|2345|141|0|66|149|4|38|14|25|0
Dir Upper|2340|25|33|23|30|41|11|0|16|0
Hangu|265|57|0|9|27|0|22|28|0|0
Haripur|1852|4|219|59|5|3|14|0|8|0
Karak|702|163|35|49|56|43|16|133|27|0
Khyber|952|698|36|48|174|38|27|103|1|4
Kohat|903|198|0|43|41|0|8|39|2|0
Kohistan Lower|134|2|0|1|9|0|7|0|0|0
Kohistan Upper|375|16|0|0|16|5|0|0|1|0
Kolai Palas|71|1|11|0|0|0|0|0|0|0
L & C Kurram|64|17|13|0|10|0|2|1|0|4
Lakki Marwat|668|260|0|121|2|0|20|0|2|0
Malakand|1014|35|26|28|0|1|0|1|11|4
Mansehra|1805|4|466|0|54|4|0|0|0|0
Mardan|2258|346|48|45|83|46|62|0|2|0
Mohmand|152|133|109|10|8|1|0|26|2|113
North Waziristan|88|91|2|1|0|5|13|1|9|13
Nowshera|2753|178|10|108|30|19|8|17|6|1
Orakzai|101|7|0|0|1|0|0|0|0|0
Peshawar|5407|63|217|17|183|15|59|0|45|0
Shangla|1730|490|0|166|9|5|26|0|3|0
South Waziristan (Lower)|257|189|271|13|95|7|3|16|12|59
SWU|26|7|5|0|0|0|0|0|0|0
Swabi|2852|118|481|192|20|18|4|0|11|68
Swat|5454|47|33|163|99|43|8|0|6|0
Tank|564|243|19|3|3|2|0|0|0|0
Tor Ghar|255|124|0|9|38|0|5|4|0|0
Upper Kurram|318|20|65|11|27|8|14|0|0|12
Total|47272|5764|3008|1489|1436|606|579|441|343|305

### 2024 19
Districts|AD (NonCholera)|ILI|Malaria|ALRI <5 Years|SARI|B. Diarrhea|Dog Bite|Typhoid|TB|Measles
Abbottabad|603|45|10|26|15|1|5|17|13|25
Bajaur|973|76|278|241|30|72|36|6|26|37
Bannu|881|6|1539|14|0|23|5|81|35|15
Battagram|82|179|0|0|0|0|0|0|0|0
Buner|466|0|226|56|0|1|54|16|2|1
Charsadda|586|276|183|24|6|16|2|16|1|2
Chitral Lower|270|49|6|36|18|27|10|12|7|3
Chitral Upper|103|15|7|9|5|6|0|15|1|0
D.I. Khan|2174|0|247|19|0|24|1|0|27|87
Dir Lower|1079|2|190|123|0|73|11|41|18|7
Dir Upper|408|124|7|3|1|1|0|28|22|7
Hangu|10|6|23|0|0|0|0|0|0|0
Haripur|1529|424|20|67|7|79|0|41|42|27
Karak|314|11|161|17|0|0|24|6|15|49
Khyber|363|41|102|8|20|47|47|58|15|2
Kohat|42|29|57|1|4|0|0|0|0|0
Kohistan Lower|143|0|1|4|0|9|4|0|0|1
Kohistan Upper|360|21|2|9|20|23|5|30|25|3
Kolai Palas|90|0|0|15|2|12|0|5|1|0
L & C Kurram|16|51|0|0|0|4|0|0|0|0
Lakki Marwat|778|2|198|4|0|14|42|5|10|8
Malakand|686|44|39|54|39|65|0|16|3|18
Mansehra|940|688|2|75|57|13|85|21|19|7
Mardan|835|0|5|254|0|7|0|0|16|0
Mohmand|207|72|187|3|45|33|10|7|7|4
NWA|73|0|0|0|0|0|0|0|0|10
Nowshera|2139|48|53|2|6|24|8|7|24|23
Orakzai|42|18|28|0|0|7|2|0|0|0
Peshawar|4018|639|54|44|56|231|4|58|40|63
SD Peshawar|3|0|1|0|0|0|0|0|0|0
SD Tank|20|0|52|0|0|1|1|3|0|0
Shangla|392|0|285|14|0|0|22|18|44|1
SWA|76|234|131|61|131|11|6|37|0|2
Swabi|1737|1139|62|222|133|32|180|16|88|46
Swat|2153|131|35|60|19|126|72|29|13|1
Tank|274|68|304|11|0|0|0|18|10|31
Tor Ghar|84|0|46|2|12|14|17|3|0|0
Upper Kurram|138|378|47|17|523|43|12|5|4|11
Total|25087|4816|4588|1495|1149|1039|665|615|528|491

### 2024 20
Districts|AD (NonCholera)|Malaria|ILI|ALRI <5 Years|SARI|B. Diarrhea|Typhoid|Dog Bite|TB|Measles
Abbottabad|729|20|57|19|10|1|21|6|36|10
Bajaur|909|318|29|334|33|59|13|37|43|22
Bannu|1099|1725|14|20|12|22|84|1|32|24
Battagram|117|0|188|0|0|0|0|0|0|0
Buner|571|252|0|28|0|0|19|5|1|4
Charsadda|1715|273|419|257|4|144|84|1|6|19
Chitral Lower|320|19|60|28|62|28|9|12|7|3
Chitral Upper|114|7|11|6|7|5|13|0|2|0
D.I. Khan|1991|291|0|4|0|29|0|8|28|92
Dir Lower|1080|234|2|108|1|69|66|6|10|10
Dir Upper|360|20|45|14|0|1|39|0|35|2
Hangu|12|35|10|0|0|0|0|0|0|0
Haripur|1777|22|419|49|5|57|40|0|25|24
Karak|276|132|2|20|0|0|6|23|9|39
Khyber|404|121|38|16|31|81|32|24|14|4
Kohat|49|58|59|0|5|0|2|0|0|0
Kohistan Lower|166|2|0|5|0|9|0|4|0|2
Kohistan Upper|397|7|25|7|0|51|29|2|0|0
Kolai Palas|89|3|0|13|10|14|14|0|2|0
L & C Kurram|20|7|49|0|0|12|1|0|0|0
Lakki Marwat|759|247|3|6|0|26|8|44|12|7
Malakand|868|6|54|25|12|50|15|0|4|8
Mansehra|829|1|603|57|82|7|11|50|6|6
Mardan|968|13|0|369|0|16|0|1|10|2
Mohmand|241|180|64|2|36|22|4|6|1|2
NWA|36|4|0|2|2|12|0|0|0|4
Nowshera|2248|80|51|2|6|81|20|9|21|23
Orakzai|55|29|20|2|0|23|1|46|1|4
Peshawar|3926|79|525|82|263|250|70|26|41|53
SD Peshawar|5|1|0|0|0|1|0|0|0|0
SD Tank|8|43|0|0|0|1|0|1|0|0
Shangla|596|302|0|20|0|3|17|21|46|6
SWA|95|129|160|43|113|26|40|9|2|4
Swabi|2160|72|989|276|177|39|27|183|91|55
Swat|2530|41|179|57|0|59|21|87|14|2
Tank|571|115|43|29|0|2|39|2|3|24
Tor Ghar|88|77|0|5|15|18|5|10|0|0
Upper Kurram|182|41|346|13|519|66|15|11|10|6
Total|28360|5006|4464|1918|1405|1284|765|635|512|461

### 2024 21
Districts|AD (NonCholera)|Malaria|ILI|B. Diarrhea|ALRI <5 Years|SARI|Typhoid|Dog Bite|Measles|TB
Abbottabad|1184|39|96|17|53|32|31|24|14|31
Bajaur|685|323|33|51|229|48|2|16|26|25
Bannu|843|1720|4|25|14|5|76|2|38|29
Battagram|117|0|144|0|0|0|0|0|0|0
Buner|639|294|0|2|0|0|15|0|0|0
Charsadda|1758|320|402|248|66|3|66|0|29|2
Chitral Lower|272|15|50|21|22|15|12|11|3|6
Chitral Upper|152|9|13|6|7|6|17|3|1|4
D.I. Khan|1853|330|0|25|14|0|0|3|88|40
Dir Lower|1094|202|3|84|97|0|95|13|9|12
Dir Upper|463|14|63|4|8|0|7|0|6|16
Haripur|1738|30|320|37|79|24|35|13|30|27
Karak|350|212|37|0|17|0|13|42|27|10
Khyber|381|178|15|106|30|18|56|36|6|11
Kohat|57|57|22|0|2|2|1|1|3|0
Kohistan Lower|259|3|0|7|4|0|0|0|0|0
Kohistan Upper|733|3|35|12|18|0|20|2|2|21
Kolai Palas|62|5|0|16|9|5|3|0|0|3
L & C Kurram|19|0|57|2|0|0|0|0|0|0
Lakki Marwat|779|215|0|20|2|0|12|28|7|7
Malakand|909|18|67|62|28|27|10|0|14|4
Mansehra|865|5|514|15|85|41|29|0|9|21
Mardan|1386|21|11|26|255|0|0|6|3|11
Mohmand|272|179|60|56|4|23|6|8|8|3
NWA|3|3|0|7|3|15|1|0|7|0
Nowshera|2808|80|45|54|2|5|27|16|36|5
Orakzai|53|26|10|11|0|0|1|0|2|0
Peshawar|4774|87|658|323|86|61|108|0|65|34
SD Peshawar|0|1|0|0|0|0|0|0|0|0
SD Tank|18|37|0|0|0|0|1|0|0|0
Shangla|646|433|0|4|16|0|6|31|3|75
SWA|77|168|187|28|64|148|56|15|4|3
Swabi|2091|55|935|40|259|128|21|235|51|59
Swat|2495|49|110|47|20|0|20|95|4|18
Tank|212|75|0|0|0|0|0|1|1|0
Tor Ghar|93|150|0|30|7|14|7|10|1|3
Upper Kurram|347|30|396|166|8|443|18|11|6|4
Total|30487|5386|4287|1552|1508|1063|772|622|503|484

### 2024 22
Districts|AD (NonCholera)|Malaria|ILI|ALRI <5 Years|B.Diarrhea|SARI|Typhoid|Dog Bite|TB|Measles
Abbottabad|1214|28|250|188|22|34|33|3|29|28
Bajaur|832|226|29|98|72|45|2|27|18|17
Bannu|774|1413|5|7|35|0|90|1|34|14
Battagram|64|0|97|0|0|0|0|0|0|0
Buner|542|297|0|0|1|0|15|19|1|2
Charsadda|1407|274|405|100|114|0|49|4|2|39
Chitral Lower|361|12|43|35|17|34|8|12|7|2
Chitral Upper|127|4|13|3|9|10|14|3|2|0
D.I. Khan|1580|319|0|4|22|0|0|5|50|90
Dir Lower|1126|196|2|128|98|0|94|8|11|12
Dir Upper|455|12|54|12|7|0|8|0|25|8
Hangue|20|37|5|0|0|0|0|0|0|0
Haripur|1498|21|319|59|20|26|41|4|22|20
Karak|361|242|34|17|0|0|13|50|15|47
Khyber|337|145|38|22|90|30|40|42|12|4
Kohat|31|65|22|0|0|0|0|0|0|0
Kohistan Lower|195|9|0|2|7|0|0|0|0|0
Kohistan Upper|768|26|42|78|23|62|9|0|52|2
Kolai Palas|76|5|0|6|8|5|3|0|6|0
L & C Kurram|9|0|53|0|3|0|0|0|0|0
Lakki Marwat|685|190|12|1|22|0|8|30|9|5
Malakand|1099|24|36|24|117|9|26|0|4|11
Mansehra|803|3|464|33|30|15|6|115|4|0
Mardan|868|18|0|343|15|0|0|0|6|1
Mohmand|249|171|77|5|32|41|11|4|1|2
NWA|20|2|0|28|9|10|0|0|0|8
Nowshera|2184|67|21|0|28|5|7|9|8|27
Orakzai|59|33|10|0|5|5|5|5|1|6
Peshawar|4181|53|526|89|246|136|88|2|23|51
SD Peshawar|11|2|0|0|0|0|0|0|0|0
SD Tank|4|38|0|0|1|0|1|0|0|0
Shangla|554|338|0|13|12|0|5|32|56|1
SWA|84|114|139|42|46|117|41|22|0|1
Swabi|1955|89|629|175|39|81|26|132|56|56
Swat|2918|42|158|60|102|12|27|90|30|10
Tank|459|235|102|0|1|0|42|0|16|23
Tor Ghar|81|109|0|3|15|16|13|4|3|0
Upper Kurram|152|32|265|10|42|450|5|5|2|3
Total|28143|4891|3850|1585|1310|1143|730|628|505|490

### 2024 23
Districts|AD (NonCholera)|Malaria|ILI|ALRI <5 Years|B.Diarrhea|SARI|Dog Bite|Typhoid|TB|Measles
Abbottabad|1137|28|165|16|14|13|6|34|35|27
Bajaur|1370|340|26|268|167|31|14|5|10|24
Bannu|899|1401|0|18|21|12|7|80|18|15
Battagram|79|0|136|0|0|0|0|0|0|0
Buner|671|314|0|0|2|0|18|16|0|3
Charsadda|1679|212|398|124|153|5|4|42|2|41
Chitral Lower|390|10|25|17|20|31|9|15|9|1
Chitral Upper|94|3|11|6|3|0|0|12|2|1
D.I. Khan|1461|330|0|17|25|0|5|1|37|79
Dir Lower|1112|232|3|76|131|0|7|15|12|17
Dir Upper|695|9|76|11|8|0|0|13|77|12
Hangue|4|21|5|0|0|0|0|0|0|0
Haripur|1501|17|112|50|7|25|3|25|22|20
Karak|366|219|25|20|0|0|26|7|12|36
Khyber|258|184|51|4|64|16|33|58|9|5
Kohat|49|76|41|1|0|2|0|1|0|0
Kohistan Lower|309|10|0|1|9|0|0|0|0|1
Kohistan Upper|553|7|37|50|55|0|0|20|0|1
Kolai Palas|98|2|0|4|6|2|0|6|0|0
L & C Kurram|18|1|61|0|3|0|0|0|0|0
Lakki Marwat|595|211|5|2|16|0|33|5|13|4
Malakand|1141|36|46|37|132|39|0|19|3|9
Mansehra|846|2|375|20|16|68|0|12|4|1
Mardan|758|23|0|304|26|0|46|11|10|2
Mohmand|141|188|81|2|30|47|10|10|2|4
NWA|27|5|0|0|0|0|0|3|0|9
Nowshera|2198|121|0|1|47|2|6|8|8|13
Orakzai|66|18|21|2|8|6|29|1|0|3
Peshawar|3832|56|497|60|226|44|8|78|36|45
SD Peshawar|3|1|0|0|0|0|0|0|0|0
SD Tank|0|3|0|0|0|0|0|1|0|0
Shangla|528|869|0|9|1|0|46|3|58|5
SWA|122|173|177|57|23|108|40|41|0|2
Swabi|1837|73|844|250|19|94|220|16|53|41
Swat|2923|42|163|61|117|20|53|24|22|8
Tank|361|405|103|3|3|0|2|24|16|21
Tor Ghar|84|164|0|13|26|6|3|14|4|0
Upper Kurram|250|52|341|11|47|430|9|10|2|4
Total|28455|5858|3825|1515|1425|1001|637|630|476|454

### 2024 24
Districts|AD (NonCholera)|Malaria|ILI|B.Diarrhea|ALRI <5 Years|SARI|Typhoid|Dog Bite|TB|AVH (A&E)
Abbottabad|853|12|46|5|13|5|20|2|19|0
Bajaur|1104|301|16|84|192|44|8|30|38|45
Bannu|836|1483|3|19|23|7|56|2|33|33
Battagram|58|0|105|0|0|0|0|0|0|0
Buner|575|310|0|3|0|0|17|0|1|0
Charsadda|1591|189|301|141|131|1|37|8|2|35
Chitral Lower|377|6|25|36|10|20|8|7|8|2
Chitral Upper|112|6|17|9|6|12|8|0|3|0
D.I. Khan|1670|371|0|28|8|0|0|2|43|0
Dir Lower|1183|133|3|93|77|0|14|12|1|0
Dir Upper|460|5|58|5|10|0|5|0|22|6
Haripur|1194|7|125|21|44|15|14|4|29|35
Karak|346|157|7|0|18|0|7|29|11|0
Khyber|107|69|0|33|42|16|6|0|0|0
Kohistan Lower|165|2|0|4|0|0|0|0|0|0
Kohistan Upper|680|56|68|32|19|0|14|1|1|0
Kolai Palas|91|2|0|7|2|1|1|0|0|0
L & C Kurram|6|0|78|4|0|0|0|0|0|0
Lakki Marwat|600|229|7|11|3|0|9|43|13|0
Malakand|1199|21|23|29|27|22|16|0|0|26
Mansehra|487|2|152|16|10|15|15|0|8|9
Mardan|1020|19|0|26|313|0|0|1|6|0
Mohmand|259|177|93|69|3|64|16|4|1|0
Nowshera|2118|78|16|52|2|13|8|7|7|0
Orakzai|12|11|19|1|0|0|0|0|0|0
Peshawar|3050|46|313|188|35|44|42|3|10|0
SD Peshawar|1|0|0|0|0|0|0|0|0|0
SD Tank|13|4|0|3|0|0|0|0|0|0
Shangla|693|85|0|4|6|0|1|49|62|0
SWA|56|34|9|8|10|30|2|0|1|0
Swabi|1341|59|673|37|143|42|33|78|4|23
Swat|2655|53|327|147|35|39|24|62|7|57
Tank|281|113|0|8|0|0|1|0|0|0
Tor Ghar|109|145|0|32|2|9|16|2|4|0
Upper Kurram|285|30|320|73|2|610|16|10|4|0
Total|25587|4215|2804|1228|1186|1009|414|356|338|271

### 2024 26
Districts|AD (NonCholera)|Malaria|ILI|B.Diarrhea|SARI|ALRI <5 Years|Typhoid|TB|Dog Bite|AVH (A&E)
Abbottabad|1187|27|155|14|10|12|39|18|1|5
Bajaur|1367|251|55|175|33|29|16|48|30|58
Bannu|955|1654|4|22|4|16|74|27|3|14
Battagram|133|157|337|0|0|0|0|0|0|0
Buner|688|345|0|0|0|0|4|3|13|0
Charsadda|1270|195|332|136|9|98|86|4|6|47
Chitral Lower|594|22|29|33|8|8|9|6|5|0
Chitral Upper|206|6|12|2|16|2|19|2|2|0
D.I. Khan|1216|330|0|24|4|15|0|35|6|0
Dir Lower|1870|199|0|91|0|96|64|11|12|3
Dir Upper|928|14|121|18|0|7|0|29|0|3
Hangu|129|18|0|25|0|53|0|3|1|0
Haripur|1189|19|131|14|22|50|16|22|8|67
Karak|297|192|11|0|0|13|4|9|25|0
Khyber|333|234|55|71|0|11|67|14|21|4
Kohat|178|59|4|0|0|1|3|3|6|0
Kohistan Lower|150|12|10|8|0|0|0|0|0|0
Kohistan Upper|483|28|56|27|35|20|28|0|0|9
Kolai Palas|83|3|5|17|2|3|7|0|0|0
L & C Kurram|87|75|64|16|21|17|11|1|6|0
Lakki Marwat|578|227|5|16|0|5|14|12|46|0
Malakand|1126|37|16|184|16|25|18|4|0|30
Mansehra|1216|13|288|6|54|32|15|9|0|2
Mardan|729|25|0|24|0|196|0|14|5|0
Mohmand|276|186|81|56|66|0|11|2|5|0
North Waziristan|20|21|0|12|18|0|10|0|0|0
Nowshera|2233|69|12|32|3|14|21|8|2|4
Orakzai|88|41|25|16|0|0|7|0|11|0
Peshawar|3879|82|844|210|43|33|74|22|37|11
SD Peshawar|4|0|0|0|0|0|0|0|0|0
SD Tank|22|47|0|2|0|0|0|0|0|0
Shangla|1329|1002|18|15|5|11|18|96|29|3
SWA|98|139|228|13|56|38|53|1|8|0
Swabi|2080|85|700|35|88|152|37|78|116|23
Swat|4512|61|136|143|28|19|26|13|60|14
Tank|248|91|0|1|0|0|1|0|0|0
Tor Ghar|130|133|0|24|8|0|8|0|2|2
Upper Kurram|317|50|265|52|522|7|9|5|9|0
Total|32228|6149|3999|1534|1071|983|769|499|475|299

### 2024 27
Districts|AD (NonCholera)|Malaria|ILI|B.Diarrhea|ALRI <5 Years|SARI|Typhoid|Dog Bite|TB|AVH (A&E)
Abbottabad|937|12|33|6|9|4|20|2|19|1
Bajaur|841|153|70|131|152|112|8|36|16|48
Bannu|795|1333|0|48|17|21|78|4|20|18
Battagram|169|0|280|0|0|0|0|0|0|0
Buner|673|422|0|0|0|0|3|7|1|0
Charsadda|1572|181|290|197|125|13|79|6|3|46
Chitral Lower|669|18|33|36|15|21|14|6|6|2
Chitral Upper|184|5|20|4|6|9|18|2|2|2
D.I. Khan|1208|261|0|26|14|0|1|3|40|0
Dir Lower|1842|178|0|95|96|0|67|21|7|4
Dir Upper|581|15|66|9|7|0|9|0|23|0
Hangu|70|12|0|11|10|0|0|1|3|0
Haripur|1073|22|85|25|42|8|20|16|25|77
Karak|248|149|29|0|10|0|0|16|5|0
Khyber|328|235|16|79|33|3|45|27|9|8
Kohat|280|112|2|0|8|0|1|13|5|0
Kohistan Lower|154|8|13|12|3|3|0|2|0|0
Kohistan Upper|482|24|40|50|24|0|17|0|8|0
Kolai Palas|102|11|9|10|3|3|6|0|0|0
L & C Kurram|88|27|67|14|1|12|9|5|1|0
Lakki Marwat|609|191|5|19|1|0|4|33|10|0
Malakand|1083|41|18|220|28|12|18|0|4|26
Mansehra|1082|1|284|14|16|82|0|0|0|0
Mardan|678|17|0|21|206|0|0|53|7|0
Mohmand|132|174|85|51|2|65|11|8|2|0
North Waziristan|60|10|0|1|0|18|2|0|0|2
Nowshera|2302|89|23|39|3|6|11|16|11|4
Orakzai|56|35|8|12|3|5|11|0|0|0
Peshawar|3355|40|540|192|69|64|82|19|29|10
SD Peshawar|3|0|0|0|0|0|0|0|0|0
SD Tank|19|35|2|2|0|0|3|0|0|0
Shangla|1265|1138|11|21|35|2|16|34|80|5
SWA|145|125|172|28|54|94|55|14|2|0
Swabi|1470|74|561|18|189|26|27|65|58|24
Swat|2830|60|61|41|29|26|1|27|11|19
Tank|522|359|203|2|0|0|34|0|7|0
Tor Ghar|129|147|0|29|0|14|9|0|0|5
Upper Kurram|238|67|242|80|12|400|23|10|4|0
Total|28274|5781|3268|1543|1222|1023|702|446|418|301

### 2024 28
Districts|AD (NonCholera)|Malaria|ILI|B.Diarrhea|SARI|ALRI <5 Years|Typhoid|Dog Bite|TB|AVH (A&E)
Abbottabad|1159|19|132|16|6|6|17|2|20|6
Bajaur|1102|132|22|148|92|189|4|18|13|48
Bannu|829|1510|3|40|18|24|79|4|26|7
Battagram|163|172|309|0|0|0|0|0|0|0
Buner|470|277|0|1|0|0|1|14|0|0
Charsadda|1054|200|264|93|0|30|64|2|0|33
Chitral Lower|904|15|33|40|11|11|9|20|7|0
Chitral Upper|176|6|18|1|5|2|11|5|1|1
D.I. Khan|1035|335|0|27|0|8|4|7|51|0
Dir Lower|1979|118|3|72|0|59|41|13|3|5
Dir Upper|1414|23|52|14|0|28|23|1|17|6
Hangu|71|21|0|8|0|0|0|0|2|0
Haripur|1045|15|81|19|3|24|8|6|14|28
Karak|265|170|6|0|0|11|0|16|6|0
Khyber|257|203|18|66|30|27|41|25|9|6
Kohat|304|117|39|2|0|22|16|10|7|0
Kohistan Lower|184|11|3|19|16|3|1|1|0|0
Kohistan Upper|477|18|2|25|12|19|10|1|14|0
Kolai Palas|98|5|0|2|15|0|1|0|0|0
L & C Kurram|28|15|52|28|3|0|3|2|0|0
Lakki Marwat|579|188|1|19|0|3|8|20|7|0
Malakand|1087|76|0|421|7|15|36|0|3|35
Mansehra|517|1|200|0|33|0|6|0|1|0
Mardan|839|32|0|24|0|178|0|0|7|0
Mohmand|129|193|74|82|71|3|10|5|2|0
North Waziristan|58|26|0|15|50|42|0|1|0|0
Nowshera|1566|122|36|40|2|4|8|5|0|5
Orakzai|34|26|28|3|0|0|1|0|0|0
Peshawar|3064|47|509|173|42|152|58|23|21|27
SD Peshawar|4|0|0|0|0|0|0|0|0|0
SD Tank|3|6|0|0|0|0|0|0|0|0
Shangla|1518|1110|3|28|2|35|39|27|59|2
SWA|128|147|124|20|60|57|70|9|1|0
Swabi|1525|80|528|34|31|109|44|91|61|21
Swat|3900|64|218|233|50|72|18|48|19|1
Tank|170|86|0|3|0|0|1|0|0|0
Tor Ghar|152|132|0|39|15|1|1|0|0|2
Upper Kurram|326|57|314|88|615|21|41|10|5|0
Total|28613|5775|3072|1843|1189|1155|674|386|376|233

### 2024 29
Districts|AD (NonCholera)|Malaria|ILI|B.Diarrhea|ALRI <5 Years|SARI|Typhoid|Dog Bite|TB|AVH (A&E)
Abbottabad|949|21|38|9|8|2|23|1|17|0
Bajaur|910|165|27|181|215|16|6|36|11|53
Bannu|733|1229|3|16|12|5|59|2|14|0
Battagram|177|173|310|0|0|0|0|0|0|0
Buner|385|209|0|1|0|0|5|16|0|0
Charsadda|1260|174|194|110|119|0|73|4|2|40
Chitral Lower|598|21|46|33|15|19|14|8|9|0
Chitral Upper|136|4|10|3|4|0|9|1|0|0
D.I. Khan|938|204|0|13|6|0|1|4|38|0
Dir Lower|2037|171|1|76|100|0|44|22|12|10
Dir Upper|1070|15|126|11|23|0|8|1|15|5
Hangu|102|62|0|15|9|0|0|0|8|0
Haripur|985|16|110|18|13|6|20|6|26|42
Karak|341|134|6|0|21|0|3|33|5|0
Khyber|269|229|21|61|10|17|39|29|10|4
Kohat|304|127|11|0|15|2|12|15|16|0
Kohistan Lower|138|6|2|7|0|0|4|0|0|0
Kohistan Upper|374|7|5|27|38|8|22|2|0|0
Kolai Palas|63|4|0|5|3|13|1|0|0|0
L & C Kurram|16|3|0|3|0|2|0|5|0|0
Lakki Marwat|566|157|2|13|3|0|5|20|7|0
Malakand|1150|31|11|246|29|7|19|0|2|31
Mansehra|1088|0|311|7|36|39|36|0|7|0
Mardan|767|25|0|9|236|0|0|39|1|0
Mohmand|133|185|71|38|5|70|6|6|1|0
North Waziristan|26|22|NR|NR|25|50|NR|NR|NR|NR
Nowshera|1776|92|34|32|1|6|2|14|2|3
Orakzai|22|22|7|0|0|0|0|1|0|0
Peshawar|3061|44|466|114|44|49|62|13|22|32
SD Peshawar|6|0|0|0|0|0|0|0|0|0
SD Tank|5|25|2|0|0|0|0|0|0|0
Shangla|1609|956|0|56|34|0|38|76|63|6
SWA|158|172|137|29|71|70|9|7|0|0
Swabi|1414|51|506|22|80|85|18|80|33|9
Swat|3723|56|166|240|28|43|32|70|18|20
Tank|312|179|34|1|21|0|38|28|9|0
Tor Ghar|149|124|0|34|0|7|2|1|1|2
Upper Kurram|44|0|280|15|21|540|13|10|6|0
Total|27794|5115|2937|1445|1245|1056|623|550|355|257

### 2024 30
Districts|AD (NonCholera)|Malaria|ILI|B.Diarrhea|SARI|ALRI <5 Years|Typhoid|Dog Bite|TB|AVH (A&E)
Abbottabad|1045|20|35|10|1|9|33|3|11|0
Bajaur|1297|238|25|130|67|280|8|46|16|43
Bannu|897|1598|3|26|15|17|98|0|26|6
Battagram|207|234|372|0|0|0|0|0|0|0
Buner|606|283|0|0|0|0|5|11|0|0
Charsadda|1324|205|225|108|1|40|88|3|0|39
Chitral Lower|717|24|77|24|15|7|7|9|8|0
Chitral Upper|235|4|7|5|8|7|5|0|1|0
D.I. Khan|1229|312|0|17|0|6|0|11|43|2
Dir Lower|2174|197|3|74|0|61|21|24|12|11
Dir Upper|1142|16|35|6|0|25|6|0|16|3
Hangu|117|95|0|13|0|12|2|0|1|0
Haripur|1132|22|90|14|4|38|10|7|98|48
Karak|292|179|25|0|0|16|3|33|11|0
Khyber|295|238|30|73|21|4|43|23|19|10
Kohat|445|121|65|0|0|16|25|12|3|0
Kohistan Lower|148|12|2|9|0|3|0|0|0|0
Kohistan Upper|547|40|0|24|6|43|10|5|24|0
Kolai Palas|106|7|4|2|1|2|1|0|1|0
L & C Kurram|52|8|52|18|38|4|8|2|0|0
Lakki Marwat|621|249|0|18|0|4|5|32|8|0
Malakand|1267|89|29|277|10|35|22|0|2|27
Mansehra|1199|0|320|12|44|21|23|0|10|3
Mardan|725|24|0|10|0|238|0|1|14|0
Mohmand|141|252|87|48|84|5|16|7|0|0
North Waziristan|104|30|0|1|0|2|0|0|1|3
Nowshera|1995|106|32|40|8|0|10|15|8|3
Orakzai|46|25|8|8|0|1|5|24|0|0
Peshawar|3830|74|623|131|39|62|62|12|27|30
SD Peshawar|9|0|0|0|0|0|0|0|0|0
SD Tank|40|81|3|8|0|1|2|0|0|0
Shangla|1981|1331|27|53|6|13|25|69|82|6
SWA|195|158|113|17|44|41|35|4|2|0
Swabi|2201|87|457|32|73|75|50|94|44|36
Swat|4290|57|156|220|0|72|29|77|32|32
Tank|217|279|12|2|0|3|13|12|9|0
Tor Ghar|110|150|0|32|5|5|2|0|0|6
Upper Kurram|270|35|318|51|698|18|28|19|2|0
Total|33248|6880|3235|1513|1188|1186|700|555|531|308

### 2024 31
Districts|AD (NonCholera)|Malaria|ILI|B.Diarrhea|ALRI <5 Years|SARI|Typhoid|Dog Bite|TB|AVH (A&E)
Abbottabad|987|25|36|9|17|0|31|4|21|0
Bajaur|1129|195|29|113|295|56|2|57|23|49
Bannu|873|1488|5|34|15|21|81|7|24|2
Battagram|152|217|333|0|0|0|0|0|0|0
Buner|497|372|0|0|0|0|6|6|3|0
Charsadda|1268|156|247|134|38|0|42|6|0|41
Chitral Lower|859|15|72|63|9|15|11|9|7|0
Chitral Upper|235|3|7|2|4|5|15|0|1|6
D.I. Khan|1290|294|0|27|14|0|1|10|45|4
Dir Lower|2343|166|4|125|83|0|52|24|13|7
Dir Upper|1113|9|72|10|34|0|5|0|22|3
Hangu|99|105|0|3|20|0|0|0|1|0
Haripur|1014|30|75|19|30|6|19|5|23|42
Karak|253|159|21|0|15|0|3|24|5|0
Khyber|793|299|20|364|6|47|59|29|11|22
Kohat|505|155|63|0|24|0|25|10|3|0
Kohistan Lower|175|4|0|8|1|0|0|1|0|0
Kohistan Upper|577|20|7|18|39|16|1|2|18|0
Kolai Palas|61|5|6|6|2|13|1|0|0|0
L & C Kurram|74|29|49|18|1|15|9|3|0|0
Lakki Marwat|659|228|1|14|3|0|11|35|4|0
Malakand|1012|92|11|267|41|6|18|0|3|24
Mansehra|936|0|255|1|28|30|18|0|1|0
Mardan|814|34|0|26|246|0|0|2|7|0
Mohmand|140|214|89|54|3|82|14|8|6|0
North Waziristan|41|30|0|0|0|0|3|0|0|2
Nowshera|2285|98|37|33|1|11|38|10|46|12
Orakzai|50|31|23|10|0|0|1|18|1|0
Peshawar|3743|93|505|127|43|45|78|18|22|27
SD Peshawar|3|0|0|0|0|0|0|0|0|0
SD Tank|13|43|2|0|0|0|0|0|0|0
Shangla|2205|1523|0|52|11|9|8|58|67|5
SWA|100|149|99|29|30|70|21|6|13|0
Swabi|1900|88|165|23|46|15|23|115|47|9
Swat|4443|56|133|308|75|26|26|61|20|25
Tank|208|119|0|0|0|0|2|0|10|0
Tor Ghar|106|170|0|27|0|9|3|0|0|2
Upper Kurram|337|24|260|108|22|647|15|8|5|1
Total|33292|6738|2626|2032|1196|1144|642|536|472|283

### 2025 44
Districts|AD (NonCholera)|Malaria|ILI|ALRI < 5 years|Dog Bite|Dengue|B. Diarrhea|Typhoid|SARI|TB
Abbottabad|717|0|333|63|89|19|2|11|10|15
Bajaur|769|300|93|22|82|9|56|12|52|11
Bannu|881|1168|4|12|2|12|17|94|0|24
Battagram|224|70|802|0|0|0|0|0|0|0
Buner|197|247|0|0|11|0|0|4|0|0
Charsadda|1796|462|2202|937|12|118|109|108|7|7
Chitral Lower|578|18|63|17|11|4|18|9|15|7
Chitral Upper|85|1|45|3|0|0|5|16|9|5
D.I. Khan|1919|871|0|12|13|0|40|0|0|9
Dir Lower|1549|121|1|12|62|41|57|27|0|1
Dir Upper|873|26|26|59|10|4|14|8|2|5
Hangu|189|158|166|0|3|7|4|1|0|5
Haripur|1014|19|435|40|10|69|9|35|10|18
Karak|441|357|87|27|16|22|6|5|0|6
Khyber|399|555|43|65|28|0|115|55|6|11
Kohat|517|289|0|3|40|3|7|11|0|0
Kohistan Lower|87|9|0|0|3|1|4|0|0|0
Kohistan Upper|350|30|15|0|0|78|20|3|0|0
Kolai Palas|70|1|5|5|0|0|13|1|0|1
L & C Kurram|42|19|2|15|3|0|17|9|0|0
Lakki Marwat|690|643|2|5|74|16|3|10|0|7
Malakand|608|52|50|0|0|0|0|7|22|7
Mansehra|728|4|343|24|5|49|11|1|10|8
Mardan|1175|158|37|38|21|34|47|50|2|7
Mohmand|99|248|63|1|8|22|11|2|78|2
North Waziristan|96|121|15|30|1|10|6|25|28|5
Nowshera|2360|367|14|36|10|24|20|23|7|22
Orakzai|88|17|11|0|0|0|4|0|0|0
Peshawar|4103|90|570|84|5|215|73|45|5|17
Shangla|784|534|0|14|107|2|6|18|2|59
South Waziristan (Lower)|75|63|171|43|18|2|1|22|67|15
South Waziristan (Upper)|41|18|30|3|0|0|0|1|16|0
Swabi|939|133|685|68|127|28|17|40|73|25
Swat|1993|100|508|148|116|43|72|56|0|7
Tank|646|313|46|7|0|1|13|0|0|7
Tor Ghar|NR|NR|NR|NR|NR|NR|NR|NR|NR|NR
Upper Kurram|184|18|131|18|4|2|35|15|38|1
Total|27306|7600|6998|1811|891|835|832|724|459|314

### 2025 45
Districts|AD (noncholera)|ILI|Malaria|ALRI < 5 years|Dog Bite|B. Diarrhea|Typhoid|SARI|Dengue|TB
Abbottabad|634|321|0|17|96|7|8|5|17|10
Bajaur|534|89|204|9|74|62|1|69|5|4
Bannu|800|3|1509|21|1|9|106|10|0|26
Battagram|212|910|75|0|8|0|0|0|0|34
Buner|181|0|103|0|8|0|2|0|0|1
Charsadda|1488|2840|481|426|1|107|43|8|29|18
Chitral Lower|518|31|10|15|9|14|16|13|7|2
Chitral Upper|69|67|3|8|2|3|18|12|0|4
D.I. Khan|1927|0|699|16|7|29|0|0|0|3
Dir Lower|1401|0|127|6|64|66|31|0|34|1
Dir Upper|729|45|16|5|6|6|2|0|1|0
Hangu|184|236|57|2|7|0|5|0|0|4
Haripur|956|447|14|44|9|8|32|12|50|23
Karak|443|126|224|53|16|8|4|0|8|5
Khyber|453|58|478|39|33|97|48|11|0|11
Kohat|422|0|206|0|13|20|5|0|87|0
Kohistan Lower|86|0|1|0|0|0|0|0|0|0
Kohistan Upper|121|0|6|1|0|3|0|0|3|0
Kolai Palas|78|3|2|3|0|2|1|0|0|1
L & C Kurram|64|18|22|3|0|7|13|33|0|0
Lakki Marwat|788|1|553|6|79|7|14|0|11|8
Malakand|657|78|42|5|0|0|5|0|0|7
Mansehra|1659|452|0|2|0|2|15|1|0|0
Mardan|1083|31|127|160|70|69|61|4|39|6
Mohmand|121|76|262|1|7|18|1|218|20|0
North Waziristan|52|31|114|35|1|35|34|15|39|5
Nowshera|2239|8|409|40|8|18|17|12|17|17
Orakzai|96|14|20|0|1|10|0|0|0|0
Peshawar|4124|654|43|145|3|71|20|7|125|10
Shangla|776|0|332|11|94|2|14|0|6|59
South Waziristan (Lower)|47|110|41|39|9|1|14|58|3|6
South Waziristan (Upper)|41|46|19|4|2|1|3|29|0|0
Swabi|1017|812|125|78|140|20|57|80|68|29
Swat|1891|608|60|143|127|64|89|0|22|10
Tank|483|49|221|5|0|7|0|0|0|4
Tor Ghar|37|0|135|3|19|10|0|0|0|6
Upper Kurram|185|168|11|30|5|32|11|33|0|2
Total|26596|8332|6751|1375|919|815|690|630|591|316

### 2025 46
Districts|AD (NonCholera)|ILI|Malaria|ALRI < 5 years|Dog Bite|B. Diarrhea|Typhoid|SARI|Dengue|CL
Abbottabad|643|289|0|8|67|8|28|10|2|0
Bajaur|604|119|218|14|97|71|5|77|2|20
Bannu|838|0|1384|8|0|6|104|0|3|0
Battagram|263|829|78|2|13|NR|NR|NR|6|NR
Buner|138|0|91|36|13|0|1|0|0|0
Charsadda|1661|2831|389|393|10|84|36|13|26|0
Chitral Lower|528|40|11|20|11|17|5|37|1|6
Chitral Upper|69|30|4|9|1|1|8|3|0|0
D.I. Khan|1839|0|676|13|7|30|0|0|0|0
Dir Lower|1396|0|114|8|71|72|5|10|2|1
Dir Upper|962|57|14|108|25|8|8|0|0|0
Hangu|231|0|78|1|11|0|3|0|5|65
Haripur|976|536|9|56|18|6|28|15|40|0
Karak|444|115|279|30|19|13|5|0|2|107
Khyber|423|24|417|61|38|87|93|6|22|33
Kohat|468|0|124|0|29|11|2|0|19|6
Kohistan Lower|100|0|0|0|1|4|0|0|0|0
Kohistan Upper|219|5|20|0|2|13|1|0|10|0
Kolai Palas|83|5|0|2|0|6|3|0|0|0
L & C Kurram|46|3|15|4|0|7|5|0|0|0
Lakki Marwat|654|0|529|14|14|10|13|0|15|0
Malakand|677|90|35|25|0|0|4|0|0|6
Mansehra|996|215|NR|NR|NR|4|13|NR|NR|NR
Mardan|1244|27|80|127|17|27|20|2|30|1
Mohmand|141|90|223|2|9|11|1|208|19|41
North Waziristan|96|4|86|43|1|0|27|11|0|2
Nowshera|1822|5|334|37|6|6|15|16|15|11
Orakzai|104|20|23|0|2|9|0|0|0|0
Peshawar|3793|529|62|113|2|116|46|34|70|2
Shangla|756|0|193|21|89|4|18|0|2|0
South Waziristan (Lower)|45|159|44|55|8|3|8|33|4|7
SWU|46|35|35|21|0|0|3|22|0|0
Swabi|1090|631|109|94|122|22|58|40|13|0
Swat|1912|676|53|191|118|73|22|0|7|0
Tank|534|53|183|6|0|12|0|0|0|0
Tor Ghar|48|0|76|1|17|11|2|0|0|6
Upper Kurram|198|159|13|27|10|44|11|33|0|0
Total|26087|7576|5999|1550|848|796|601|570|315|314

### 2025 47
Districts|AD (NonCholera)|ILI|Malaria|ALRI < 5 years|Dog Bite|B. Diarrhea|Typhoid|SARI|CL|Measles
Abbottabad|383|227|0|21|45|5|17|3|0|13
Bajaur|537|112|174|21|105|53|3|81|18|12
Bannu|852|0|1215|7|0|7|102|2|0|16
Battagram|152|782|36|8|4|NR|NR|10|NR|11
Buner|108|0|87|0|0|0|1|0|0|0
Charsadda|1397|3632|247|339|0|99|106|4|0|13
Chitral Lower|395|208|5|27|14|13|8|29|3|3
Chitral Upper|95|21|4|4|1|2|12|5|0|1
D.I. Khan|2050|0|643|18|5|28|0|0|3|28
Dir Lower|1288|0|107|8|75|64|26|0|0|17
Dir Upper|1046|93|13|75|22|17|16|1|0|10
Hangu|269|12|68|1|10|2|3|0|71|1
Haripur|783|586|12|64|11|9|30|23|0|0
Karak|394|87|295|55|21|7|3|0|118|35
Khyber|419|42|337|70|35|80|89|20|34|0
Kohat|528|4|120|10|19|7|0|0|8|0
Kohistan Lower|95|0|0|0|0|5|0|0|0|0
Kohistan Upper|208|0|12|0|1|14|0|0|0|0
Kolai Palas|49|0|0|0|0|2|0|0|0|0
L & C Kurram|0|0|0|0|0|5|0|0|0|0
Lakki Marwat|577|46|435|15|63|5|14|0|0|0
Malakand|493|95|34|35|0|0|2|25|7|17
Mansehra|972|256|2|2|0|0|0|0|0|0
Mardan|967|107|67|187|27|29|34|11|1|9
Mohmand|118|109|114|1|9|5|3|195|39|1
North Waziristan|54|22|75|16|0|0|20|18|1|1
Nowshera|1433|43|234|17|19|39|13|32|0|2
Orakzai|42|13|4|0|0|5|0|0|0|0
Peshawar|3756|635|47|145|5|93|28|10|0|60
Shangla|674|0|271|28|61|0|22|0|0|10
South Waziristan (Lower)|73|127|73|87|14|1|11|80|6|0
SWU|25|1|16|8|0|3|3|19|0|0
Swabi|806|959|78|84|58|14|43|81|0|12
Swat|1635|566|25|120|131|75|60|0|0|16
Tank|497|49|201|5|0|4|0|0|0|0
Tor Ghar|56|15|54|1|9|10|2|0|5|1
Upper Kurram|92|120|4|2|14|23|13|27|0|2
Total|23318|8969|5109|1481|778|725|684|676|314|291

### 2025 48
Districts|AD (NonCholera)|ILI|Malaria|ALRI < 5 years|Dog Bite|Typhoid|B. Diarrhea|SARI|CL|Measles
Abbottabad|577|490|0|42|63|30|2|5|0|4
Bajaur|565|68|102|15|104|5|41|94|19|17
Bannu|770|0|1278|36|0|98|8|0|0|29
Battagram|194|760|17|NR|12|NR|NR|NR|NR|NR
Buner|69|0|70|0|0|1|0|0|0|0
Charsadda|1550|2972|266|372|20|146|132|3|0|35
Chitral Lower|430|165|15|29|16|10|10|32|7|0
Chitral Upper|125|39|2|15|1|9|4|11|3|2
D.I. Khan|2004|0|538|28|14|0|38|0|0|14
Dir Lower|1213|0|72|11|52|31|61|0|1|8
Dir Upper|667|103|11|47|8|5|4|0|0|4
Hangu|218|32|99|0|16|4|2|0|27|0
Haripur|714|673|10|61|12|45|12|15|0|0
Karak|342|76|236|52|20|4|15|0|131|36
Khyber|353|81|253|68|47|96|65|17|63|0
Kohat|526|4|108|15|28|6|12|0|7|0
Kohistan Lower|125|0|1|10|4|0|6|0|0|8
Kohistan Upper|307|15|8|1|2|8|9|0|8|2
Kolai Palas|55|0|1|2|0|0|0|0|0|0
L & C Kurram|30|14|7|6|1|2|11|3|0|1
Lakki Marwat|515|47|363|17|63|14|2|0|0|0
Malakand|449|78|28|32|0|3|0|30|7|9
Mansehra|727|113|0|0|0|2|2|0|0|0
Mardan|770|84|57|205|17|48|24|6|2|16
Mohmand|83|135|118|1|13|2|7|220|47|1
North Waziristan|64|8|81|35|0|26|0|0|0|9
Nowshera|1295|93|200|26|13|15|14|29|7|8
Orakzai|65|14|5|0|1|0|9|0|0|0
Peshawar|3139|677|22|150|3|39|31|7|0|36
Shangla|582|0|158|35|66|40|2|0|2|7
South Waziristan (Lower)|78|131|56|38|16|10|1|87|10|3
SWU|47|1|20|14|0|3|1|47|8|0
Swabi|782|590|73|72|93|50|8|19|0|13
Swat|1650|650|29|117|119|35|86|0|0|21
Tank|470|53|199|6|1|0|9|0|0|0
Tor Ghar|41|20|39|11|8|4|11|0|8|4
Upper Kurram|166|131|19|19|10|16|42|46|0|2
Total|21757|8317|4561|1588|843|807|681|671|357|289

### 2025 49
Districts|AD (noncholera)|ILI|Malaria|ALRI < 5 years|Dog Bite|SARI|B. Diarrhea|Typhoid|Measles|CL
Abbottabad|498|309|0|33|38|7|4|15|6|0
Bajaur|387|81|102|19|86|61|49|1|18|14
Bannu|679|5|941|9|1|0|12|78|22|0
Battagram|220|791|34|2|9|8|2|NR|NR|NR
Buner|162|0|58|0|8|0|0|6|0|0
Charsadda|1312|1997|232|302|1|1|51|36|20|0
Chitral Lower|348|72|10|45|17|26|16|3|0|11
Chitral Upper|111|31|4|9|1|5|3|10|0|0
D.I. Khan|1698|0|387|27|15|0|26|1|24|1
Dir Lower|1044|1|65|11|71|0|60|28|13|0
Dir Upper|706|77|4|97|37|0|13|9|14|0
Hangu|235|0|46|0|4|0|19|2|1|30
Haripur|782|671|5|71|20|18|10|48|0|0
Karak|290|32|136|30|14|0|9|3|40|90
Khyber|386|43|206|57|29|11|81|78|0|72
Kohat|400|1|89|11|26|0|20|9|0|10
Kohistan Lower|64|0|0|0|0|0|8|0|1|0
Kohistan Upper|191|13|9|8|1|0|15|0|1|0
Kolai Palas|64|4|0|1|0|0|1|2|0|0
L & C Kurram|20|4|1|16|1|0|1|5|1|0
Lakki Marwat|450|35|314|19|53|0|0|12|0|0
Malakand|672|95|33|69|0|34|0|2|11|3
Mansehra|823|90|0|0|0|0|0|0|0|0
Mardan|739|42|34|207|23|0|33|27|12|2
Mohmand|77|152|116|2|14|198|6|6|0|42
North Waziristan|75|10|101|29|0|15|0|25|9|4
Nowshera|1268|26|139|21|9|13|6|0|3|4
Orakzai|51|3|3|0|0|0|4|0|0|0
Peshawar|3066|637|28|167|7|8|68|9|59|0
Shangla|670|0|169|18|64|1|1|34|14|0
South Waziristan (Lower)|66|221|40|29|17|81|1|8|7|11
SWU|28|18|17|11|2|43|0|0|0|3
Swabi|793|868|48|94|97|156|4|49|21|0
Swat|1562|588|28|114|146|0|38|34|17|0
Tank|438|59|204|4|0|0|10|0|0|0
Tor Ghar|60|9|20|8|9|0|6|3|0|4
Upper Kurram|171|133|10|7|20|37|21|9|2|0
Total|20606|7118|3633|1547|840|723|598|552|316|301

### 2025 50
Districts|AD (noncholera)|ILI|Malaria|ALRI < 5 years|SARI|Dog Bite|B. Diarrhea|Typhoid|CL|Measles
Abbottabad|491|219|0|33|5|70|6|19|0|0
Bajaur|475|95|134|15|59|110|48|2|10|15
Bannu|643|4|1031|5|0|0|9|90|0|35
Battagram|222|654|20|NR|19|7|10|NR|NR|12
Buner|126|0|90|0|0|0|0|7|0|0
Charsadda|1150|1883|301|352|6|0|59|34|0|24
Chitral Lower|295|52|5|23|26|13|14|6|4|0
Chitral Upper|108|19|3|7|7|5|5|11|0|0
D.I. Khan|1707|0|326|19|0|13|14|0|2|13
Dir Lower|997|0|55|12|0|44|56|19|0|12
Dir Upper|575|81|8|17|0|4|3|4|0|1
Hangu|227|14|75|0|0|11|0|2|44|1
Haripur|723|789|0|98|24|22|8|42|0|0
Karak|340|11|145|45|0|12|4|0|116|43
Khyber|425|55|195|42|19|42|77|42|92|1
Kohat|451|1|72|9|1|44|6|9|36|2
Kohistan Lower|69|0|0|0|0|1|0|0|0|11
Kohistan Upper|203|12|8|0|0|2|16|0|0|3
Kolai Palas|41|0|1|0|0|0|2|19|0|0
L & C Kurram|8|2|6|0|0|0|13|0|0|0
Lakki Marwat|416|7|268|17|0|74|5|8|0|0
Malakand|468|120|27|38|29|0|0|0|7|15
Mansehra|582|149|0|18|0|0|0|29|0|0
Mardan|745|117|31|110|2|22|24|8|1|8
Mohmand|83|169|103|10|223|10|4|3|35|1
North Waziristan|45|26|85|33|19|0|23|36|2|17
Nowshera|1078|40|139|21|19|1|14|4|19|4
Orakzai|83|4|5|0|0|3|5|0|0|0
Peshawar|2938|532|16|178|8|4|109|24|0|66
Shangla|583|0|135|23|1|24|2|37|0|8
South Waziristan (Lower)|66|147|37|41|44|12|1|8|19|7
SWU|29|14|4|8|25|0|0|0|0|0
Swabi|741|865|39|103|80|79|7|56|0|22
Swat|1240|193|55|85|159|85|26|37|0|4
Tank|446|63|193|5|0|2|4|0|0|0
Tor Ghar|64|0|42|4|0|11|7|3|3|2
Upper Kurram|205|152|9|10|45|14|38|10|0|2
Total|19088|6489|3663|1381|820|741|619|569|390|329

### 2025 51
Districts|AD (NonCholera)|ILI|Malaria|ALRI < 5 years|SARI|Dog Bite|Typhoid|B. Diarrhea|Measles|CL
Abbottabad|496|84|0|56|7|68|26|3|14|1
Bajaur|418|3|104|13|92|100|6|28|15|9
Bannu|622|4|886|12|0|1|85|5|35|0
Battagram|249|765|28|8|NR|4|1|2|14|NR
Buner|112|0|86|0|0|0|10|0|0|0
Charsadda|1166|1797|212|363|3|15|52|91|30|0
Chitral Lower|311|35|4|17|21|10|4|13|1|7
Chitral Upper|83|20|1|9|8|3|12|4|1|1
D.I. Khan|1576|0|294|27|0|15|0|19|21|1
Dir Lower|950|1|59|6|0|46|26|60|21|1
Dir Upper|748|83|5|128|0|30|11|10|18|1
Hangu|206|10|61|0|0|17|3|1|0|41
Haripur|647|828|0|76|42|6|41|10|3|0
Karak|293|16|126|59|0|13|7|13|50|137
Khyber|365|0|285|133|0|42|50|88|0|75
Kohat|311|3|33|11|0|18|6|7|1|19
Kohistan Lower|62|0|0|0|0|2|0|1|2|0
Kohistan Upper|117|0|2|1|0|1|0|8|1|0
Kolai Palas|79|0|0|4|0|0|6|3|0|0
L & C Kurram|7|4|0|0|0|0|0|9|0|0
Lakki Marwat|359|0|245|17|0|12|0|1|0|0
Malakand|529|233|19|37|49|0|0|0|12|6
Mansehra|402|291|0|14|75|0|71|4|0|0
Mardan|601|91|19|155|1|26|19|13|10|0
Mohmand|57|149|82|2|197|7|2|7|4|39
North Waziristan|89|4|80|32|27|0|43|18|24|10
Nowshera|1127|36|79|18|12|3|2|6|16|10
Orakzai|88|7|6|0|0|0|0|6|0|0
Peshawar|2845|430|23|173|68|3|17|61|53|0
Shangla|618|0|93|19|0|38|17|3|7|0
South Waziristan (Lower)|60|281|19|64|59|13|6|2|13|10
SWU|26|1|13|13|34|0|0|0|0|2
Swabi|709|503|30|66|102|48|15|3|19|0
Swat|1455|253|26|70|0|149|62|33|22|0
Tank|430|66|149|8|0|3|0|3|0|0
Tor Ghar|67|16|21|11|0|10|2|3|0|9
Upper Kurram|159|123|8|3|27|11|7|13|1|0
Total|18439|6137|3098|1625|824|714|609|551|408|379

### 2025 52
Districts|AD (NonCholera)|ILI|Malaria|ALRI < 5 years|Dog Bite|Typhoid|B. Diarrhea|SARI|Measles|CL
Abbottabad|490|237|0|64|61|29|3|13|15|0
Bajaur|386|2|81|14|92|3|13|85|12|12
Bannu|542|4|890|12|2|94|10|0|57|0
Battagram|197|517|5|6|6|NR|NR|NR|10|NR
Buner|126|0|86|0|6|7|0|0|0|0
Charsadda|1273|2433|193|546|3|160|67|1|11|0
Chitral Lower|251|31|2|23|17|2|8|22|2|12
Chitral Upper|75|18|1|6|0|8|3|8|0|0
D.I. Khan|1424|0|218|31|12|0|25|0|22|1
Dir Lower|748|1|54|10|59|14|66|0|14|0
Dir Upper|577|82|7|47|5|0|5|0|0|0
Hangu|202|21|64|0|17|1|7|0|2|45
Haripur|708|984|0|105|19|40|8|57|0|0
Karak|238|38|59|83|9|4|7|0|35|78
Khyber|462|0|126|37|40|64|66|0|1|58
Kohat|318|0|50|5|32|4|14|0|1|19
Kohistan Lower|62|0|0|0|1|1|4|0|2|0
Kohistan Upper|171|0|1|1|0|0|14|0|0|0
Kolai Palas|72|0|0|2|0|2|1|0|0|0
L & C Kurram|2|2|0|0|1|0|1|0|0|0
Lakki Marwat|184|5|167|20|70|2|2|0|3|0
Malakand|366|282|16|36|0|0|0|25|21|8
Mansehra|666|240|NR|5|NR|NR|8|5|NR|NR
Mardan|728|290|33|223|20|25|24|0|12|0
Mohmand|46|161|71|2|10|1|8|179|5|28
North Waziristan|65|8|39|31|1|30|6|35|13|0
Nowshera|1041|105|82|13|6|4|13|12|6|3
Orakzai|80|3|4|0|3|0|8|0|0|0
Peshawar|2430|325|16|128|4|16|52|10|43|0
Shangla|604|0|112|44|66|24|2|0|9|0
South Waziristan (Lower)|26|138|18|29|14|9|1|18|2|6
SWU|28|25|7|14|0|1|0|21|0|3
Swabi|882|540|46|102|127|11|19|48|31|0
Swat|1314|184|17|56|196|51|55|0|21|0
Tank|327|38|88|5|1|0|5|0|0|0
Tor Ghar|38|10|20|9|8|1|7|0|0|3
Upper Kurram|140|114|10|11|12|4|18|9|1|0
Total|17289|6838|2583|1720|920|612|550|548|351|276

### 2026 1
Districts|AD (noncholera)|ILI|Malaria|ALRI < 5 years|Dog Bite|Typhoid|SARI|B. Diarrhea|Measles|CL
Abbottabad|557|255|0|30|118|19|10|1|6|0
Bajaur|410|0|76|22|88|1|65|23|4|8
Bannu|506|3|795|13|0|83|0|8|73|0
Battagram|201|532|27|11|7|3|NR|7|16|NR
Buner|128|0|149|0|8|5|0|0|0|0
Charsadda|1231|1626|190|525|0|57|3|64|29|1
Chitral Lower|259|22|9|30|15|5|24|11|0|7
Chitral Upper|90|18|5|7|3|7|6|3|0|1
D.I. Khan|1356|0|164|40|9|2|0|23|21|0
Dir Lower|792|0|65|7|56|18|0|53|22|0
Dir Upper|635|76|11|106|17|8|0|14|7|0
Hangu|190|0|64|0|16|3|0|0|7|17
Haripur|740|997|0|113|17|45|60|10|4|0
Karak|239|79|55|37|25|3|0|8|18|73
Khyber|305|0|91|44|42|55|0|47|0|31
Kohat|274|0|43|22|37|8|0|5|0|13
Kohistan Lower|58|0|0|0|0|0|0|15|2|0
Kohistan Upper|187|1|2|0|0|0|0|8|6|0
Kolai Palas|70|4|0|0|0|0|5|2|0|0
L & C Kurram|17|0|9|0|0|0|0|6|0|0
Lakki Marwat|203|14|161|14|69|3|0|3|2|0
Malakand|340|130|18|19|0|0|28|0|10|2
Mansehra|355|120|NR|15|NR|42|NR|NR|NR|NR
Mardan|673|76|13|186|29|12|0|14|21|2
Mohmand|45|181|77|1|11|5|185|6|7|53
North Waziristan|53|0|50|7|0|37|29|13|15|5
Nowshera|811|64|32|19|9|4|14|20|5|12
Orakzai|36|7|1|0|0|0|0|1|0|0
Peshawar|2429|436|9|118|9|22|16|38|42|0
Shangla|511|0|58|26|46|18|0|1|3|0
South Waziristan (Lower)|42|117|12|12|18|7|30|37|3|22
SWU|23|2|11|6|0|0|16|2|0|0
Swabi|826|589|45|100|162|41|45|13|43|0
Swat|1292|216|8|91|130|48|0|45|19|0
Tank|308|31|96|7|0|0|0|5|0|0
Tor Ghar|50|11|12|13|10|3|0|6|0|3
Upper Kurram|132|97|8|8|13|9|12|23|2|0
Total|16374|5704|2366|1649|964|573|548|535|387|250

### 2026 2
Districts|AD (noncholera)|ILI|Malaria|ALRI < 5 years|Dog Bite|SARI|Typhoid|B. Diarrhea|Measles|CL
Abbottabad|539|203|0|42|69|8|20|4|1|0
Bajaur|404|0|78|23|99|88|2|18|9|25
Bannu|601|5|976|18|0|2|94|11|69|0
Battagram|261|670|10|3|10|3|10|1|17|NR
Buner|151|0|97|0|8|0|5|0|0|0
Charsadda|1369|1798|180|351|6|1|158|67|58|0
Chitral Lower|266|15|1|28|12|27|1|20|2|8
Chitral Upper|85|12|0|10|5|3|8|1|0|2
D.I. Khan|1185|0|83|32|9|0|0|19|44|1
Dir Lower|907|0|61|13|59|0|18|50|19|2
Dir Upper|552|76|11|18|4|0|3|10|0|0
Hangu|283|27|82|2|21|0|0|9|3|44
Haripur|847|1069|0|96|29|65|42|12|5|0
Karak|323|76|49|49|37|0|2|10|50|127
Khyber|340|1|80|37|51|0|52|53|1|92
Kohat|352|0|28|10|42|0|3|7|1|27
Kohistan Lower|68|0|0|0|2|0|2|4|0|0
Kohistan Upper|196|5|4|12|0|0|0|7|4|0
Kolai Palas|83|6|0|1|0|0|1|0|0|0
L & C Kurram|4|0|0|0|0|0|1|6|0|0
Lakki Marwat|210|22|129|17|61|0|8|1|3|0
Malakand|508|241|24|39|0|73|0|0|20|3
Mansehra|570|110|0|2|0|0|4|21|0|0
Mardan|669|148|18|207|15|3|9|12|19|2
Mohmand|31|165|54|1|21|159|2|2|5|30
North Waziristan|32|11|36|30|3|19|26|9|26|6
Nowshera|910|47|75|39|5|13|4|14|11|16
Orakzai|60|9|0|0|0|0|0|0|0|0
Peshawar|2559|331|4|60|5|10|13|50|75|0
Shangla|563|0|59|24|41|0|12|1|2|0
South Waziristan (Lower)|63|94|9|44|17|31|33|0|2|15
SWU|29|10|9|15|0|49|1|1|0|0
Swabi|662|522|49|108|160|101|43|14|29|0
Swat|1570|231|20|83|152|0|49|52|14|0
Tank|288|25|58|5|1|0|0|6|0|0
Tor Ghar|48|0|14|5|11|0|8|6|0|7
Upper Kurram|164|125|9|18|17|26|9|26|1|0
Total|17752|6054|2307|1442|972|681|643|524|490|407

### 2026 3
Districts|AD (Non-Cholera)|ILI|Malaria|ALRI < 5 years|Dog Bite|SARI|Typhoid|B. Diarrhea|Measles|CL
Abbottabad|508|157|0|48|39|10|17|6|0|0
Bajaur|469|7|96|13|81|45|3|22|17|7
Bannu|610|4|1143|10|2|0|89|6|87|0
Battagram|208|572|7|11|12|NR|1|3|13|NR
Buner|183|0|96|0|5|0|5|0|0|0
Charsadda|1249|2126|148|435|5|4|73|74|40|0
Chitral Lower|322|15|1|31|10|26|2|11|1|5
Chitral Upper|74|16|1|13|4|2|8|2|0|0
D.I. Khan|1126|0|93|28|10|0|0|18|33|1
Dir Lower|849|1|38|12|43|0|18|41|34|0
Dir Upper|616|127|5|79|19|0|14|12|13|0
Hangu|237|15|65|0|15|0|0|5|3|51
Haripur|1053|981|0|99|16|60|35|14|1|0
Karak|296|42|52|41|29|0|6|6|34|162
Khyber|332|7|94|19|51|6|57|63|1|42
Kohat|347|0|25|9|43|0|4|10|0|22
Kohistan Lower|63|0|0|0|0|0|0|4|4|0
Kohistan Upper|216|0|2|0|0|0|1|16|3|0
Kolai Palas|24|18|1|1|0|0|2|3|0|0
L & C Kurram|5|0|0|0|0|0|0|4|0|0
Lakki Marwat|227|21|123|16|45|0|9|1|2|0
Malakand|422|140|19|25|0|38|0|0|17|2
Mansehra|525|146|NR|14|NR|NR|19|NR|NR|NR
Mardan|687|155|31|159|33|2|28|26|19|3
Mohmand|27|150|53|2|11|141|3|5|7|47
North Waziristan|76|4|61|56|7|56|47|16|19|14
Nowshera|984|59|51|45|7|13|7|18|10|19
Orakzai|36|9|1|0|1|0|0|0|1|0
Peshawar|2390|389|10|112|7|8|29|34|63|0
Shangla|276|0|54|13|30|0|25|0|1|0
South Waziristan (Lower)|84|105|11|80|13|79|9|17|4|17
SWU|48|16|2|5|0|27|0|0|0|0
Swabi|798|595|56|90|188|59|34|12|30|0
Swat|1462|154|18|50|99|38|7|34|16|0
Tank|336|22|79|4|0|0|0|6|0|0
Tor Ghar|57|12|21|15|12|0|10|5|0|10
Upper Kurram|159|131|11|6|12|10|6|27|1|0
Total|17381|6196|2468|1541|849|624|568|521|474|402

### 2024 32
Districts|AD (NonCholera)|Malaria|ILI|B.Diarrhea|ALRI <5 Years|SARI|Typhoid|Dog Bite|TB|AVH (A&E)
Abbottabad|1454|32|155|14|11|0|38|22|26|6
Bajaur|1437|273|24|136|344|69|5|79|7|42
Bannu|918|1785|2|48|16|13|124|3|24|0
Battagram|165|0|185|0|0|0|0|0|0|0
Buner|434|360|0|2|0|0|16|12|1|0
Charsadda|703|246|430|27|44|0|30|3|0|17
Chitral Lower|1261|31|72|79|10|15|15|6|7|0
Chitral Upper|227|5|13|7|19|4|13|0|1|1
D.I. Khan|1232|356|0|29|8|0|0|8|41|0
Dir Lower|2317|195|3|117|94|0|47|25|8|12
Dir Upper|1627|16|57|11|30|0|6|0|18|6
Hangu|84|143|0|6|13|0|0|0|1|4
Haripur|1426|23|150|17|59|2|27|4|18|68
Karak|326|227|35|0|14|0|3|13|9|0
Khyber|441|316|28|122|4|20|34|31|10|9
Kohat|536|174|34|0|30|0|11|21|5|0
Kohistan Lower|221|4|2|14|3|69|0|1|0|0
Kohistan Upper|581|18|1|34|33|1|10|4|15|0
Kolai Palas|61|6|0|1|0|6|1|0|3|0
L & C Kurram|56|29|67|26|6|26|10|5|0|5
Lakki Marwat|750|228|0|9|6|0|9|18|4|0
Malakand|1238|95|18|267|13|8|40|0|2|26
Mansehra|1143|4|254|21|28|32|22|17|5|0
Mardan|855|48|0|24|353|0|0|13|13|0
Mohmand|158|218|100|47|4|87|16|13|1|0
North Waziristan|32|10|0|3|0|0|1|0|0|2
Nowshera|2244|97|24|54|0|6|20|14|28|9
Orakzai|4|10|6|3|0|0|0|0|0|0
Peshawar|3754|71|551|188|50|37|82|9|25|30
SD Peshawar|4|2|0|0|0|0|0|0|0|0
SD Tank|37|84|2|3|0|0|0|1|0|0
Shangla|2278|1562|0|24|24|0|12|47|100|6
SWA|118|158|74|29|29|101|34|6|2|0
Swabi|1891|77|391|30|76|65|50|106|39|48
Swat|4263|67|93|152|70|0|30|61|8|28
Tank|361|206|49|0|23|0|39|27|10|0
Tor Ghar|101|240|0|46|0|16|0|1|1|1
Upper Kurram|222|36|292|43|21|698|12|12|4|12
Total|34960|7452|3112|1633|1435|1275|757|582|436|332

### 2024 33
Districts|AD (NonCholera)|Malaria|ILI|B.Diarrhea|SARI|ALRI <5 Years|Typhoid|Dog Bite|TB|AVH (A&E)
Abbottabad|1459|21|98|21|0|21|49|42|8|9
Bajaur|1246|275|19|133|21|287|3|58|11|58
Bannu|849|1473|2|37|0|13|70|4|19|1
Battagram|226|0|360|0|0|0|0|0|0|0
Buner|312|243|0|0|0|0|8|13|1|0
Charsadda|652|207|328|29|0|28|31|2|1|13
Chitral Lower|906|34|68|53|17|17|12|14|9|2
Chitral Upper|225|8|9|5|4|6|14|1|0|2
D.I. Khan|988|334|0|24|0|9|2|9|48|0
Dir Lower|2303|108|7|113|0|72|40|16|0|0
Dir Upper|745|11|63|3|0|16|2|0|1|0
Hangu|147|22|4|NR|NR|32|NR|NR|NR|NR
Haripur|1222|25|89|17|5|18|24|8|11|58
Karak|338|256|26|0|0|12|7|12|6|0
Khyber|547|292|15|113|22|16|61|18|9|6
Kohat|467|162|37|0|0|17|11|5|3|0
Kohistan Lower|154|7|0|10|0|0|0|2|0|3
Kohistan Upper|416|18|3|31|1|3|6|2|11|0
Kolai Palas|73|7|6|9|2|1|0|0|3|1
L & C Kurram|42|43|81|19|2|0|5|1|2|0
Lakki Marwat|757|192|0|23|0|13|4|33|5|0
Malakand|1058|13|25|243|11|27|27|0|3|12
Mansehra|884|6|390|7|41|26|10|0|1|0
Mardan|817|14|0|11|0|241|0|9|6|0
Mohmand|169|236|86|60|96|9|8|20|3|0
North Waziristan|58|47|0|1|72|0|2|0|0|0
Nowshera|2076|82|12|40|10|1|20|10|7|13
Orakzai|40|21|7|10|0|0|0|0|1|0
Peshawar|3936|95|743|137|60|50|107|10|3|29
SD Peshawar|5|0|0|0|0|0|0|0|0|0
SD Tank|9|37|2|1|0|0|0|0|0|0
Shangla|1813|1136|0|30|8|14|6|68|50|9
SWA|111|164|78|34|49|25|18|1|8|1
Swabi|1781|68|347|48|73|61|37|174|75|53
Swat|2317|44|87|225|33|47|43|85|23|20
Tank|213|246|56|0|0|12|40|0|5|0
Tor Ghar|108|144|0|36|8|0|2|0|0|1
Upper Kurram|207|29|331|40|746|35|20|12|13|0
Total|29676|6120|3379|1563|1281|1129|689|629|346|291

### 2024 34
Districts|AD (NonCholera)|Malaria|ILI|B.Diarrhea|SARI|ALRI <5 Years|Typhoid|Dog Bite|TB|AVH (A&E)
Abbottabad|1259|22|69|12|30|49|0|5|11|4
Bajaur|1413|342|14|128|317|7|48|33|16|78
Bannu|858|1254|14|36|16|87|0|0|14|0
Battagram|273|5|517|0|0|0|0|0|0|0
Buner|367|296|0|0|0|2|0|0|2|NR
Charsadda|662|297|415|24|41|56|0|1|2|16
Chitral Lower|836|25|84|52|28|7|31|5|5|1
Chitral Upper|279|6|11|7|5|22|12|0|1|6
D.I. Khan|1249|408|0|20|4|0|0|20|50|0
Dir Lower|2188|183|1|124|115|51|0|36|8|9
Dir Upper|1468|22|110|20|18|5|0|0|22|2
Hangu|81|226|4|12|57|0|0|0|0|0
Haripur|1100|31|52|10|29|18|9|4|36|35
Karak|287|160|34|0|11|8|0|5|8|0
Khyber|469|352|0|136|11|48|32|28|11|18
Kohat|615|209|47|20|9|27|1|1|5|0
Kohistan Lower|133|4|1|12|2|0|0|1|0|0
Kohistan Upper|428|28|20|27|22|10|10|1|1|3
Kolai Palas|101|6|35|5|1|2|4|0|1|1
L & C Kurram|45|19|66|17|0|1|1|0|0|0
Lakki Marwat|768|243|0|16|11|12|0|36|9|0
Malakand|1270|87|35|238|27|27|14|0|2|40
Mansehra|897|0|212|8|5|13|100|0|4|0
Mardan|892|35|0|14|286|0|0|16|7|0
Mohmand|232|264|99|67|9|11|102|22|2|3
North Waziristan|30|13|0|4|0|1|0|0|0|3
Nowshera|2090|118|4|32|33|13|4|7|8|4
Orakzai|15|36|0|4|0|0|0|0|0|0
Peshawar|3580|76|624|146|26|105|29|8|23|41
SD Peshawar|18|3|0|0|0|0|0|0|0|0
SD Tank|7|42|2|1|0|1|0|0|0|0
Shangla|2212|1685|0|34|14|8|0|59|74|3
SWA|96|184|132|24|29|12|57|1|4|0
Swabi|1989|109|391|56|48|45|64|186|49|53
Swat|4151|60|147|239|68|36|32|49|24|19
Tank|264|294|12|0|9|24|0|0|12|0
Tor Ghar|118|188|0|42|0|6|11|0|0|2
Upper Kurram|139|30|111|26|8|5|5|4|2|0
Total|32879|7362|3263|1613|1289|719|566|528|413|341

### 2024 35
Districts|AD (NonCholera)|Malaria|ILI|B.Diarrhea|SARI|ALRI <5 Years|Typhoid|Dog Bite|TB|AVH (A&E)
Abbottabad|1024|43|113|14|12|0|41|3|12|6
Bajaur|2377|383|12|118|357|45|7|45|13|36
Bannu|850|1428|0|30|29|0|77|2|14|6
Battagram|127|4|237|0|0|0|0|0|0|0
Buner|401|357|0|0|0|0|8|13|6|0
Charsadda|696|222|415|24|47|0|47|0|4|17
Chitral Lower|1079|28|62|24|41|27|7|6|11|0
Chitral Upper|228|11|4|8|6|11|18|3|0|2
D.I. Khan|1220|354|0|16|6|0|4|11|54|0
Dir Lower|1875|216|3|132|116|0|54|40|11|11
Dir Upper|1216|24|101|5|29|0|10|0|11|2
Hangu|85|153|0|2|37|0|0|0|2|0
Haripur|1024|39|104|15|19|1|27|3|22|51
Karak|303|270|58|0|19|0|8|9|10|0
Khyber|386|315|28|142|26|40|36|25|10|9
Kohat|520|214|54|0|33|0|21|2|2|0
Kohistan Lower|199|10|0|13|0|0|0|0|0|0
Kohistan Upper|514|14|5|32|4|12|6|2|16|0
Kolai Palas|70|7|32|6|2|11|0|0|1|0
L & C Kurram|42|42|44|19|0|1|4|0|0|0
Lakki Marwat|682|185|1|20|11|0|11|23|8|0
Malakand|1157|102|40|203|19|11|25|0|2|25
Mansehra|802|12|243|26|25|81|22|10|7|4
Mardan|878|34|0|17|182|0|25|18|6|0
Mohmand|174|340|99|64|8|114|8|26|2|0
North Waziristan|29|79|0|20|21|20|31|0|0|0
Nowshera|1748|216|4|342|0|13|12|11|6|12
Orakzai|32|23|10|9|0|0|0|0|0|0
Peshawar|4179|84|710|134|48|39|88|5|19|21
SD Peshawar|13|1|0|0|0|0|0|0|0|0
SD Tank|23|63|2|1|0|0|3|1|0|0
Shangla|1345|2003|0|301|25|30|20|60|106|5
SWA|62|152|123|22|31|59|13|1|6|0
Swabi|1521|99|201|21|39|45|41|221|46|56
Swat|3696|88|111|225|76|38|36|81|20|32
Tank|362|189|38|3|14|0|22|1|3|0
Tor Ghar|88|183|0|40|2|11|10|3|0|0
Upper Kurram|166|32|258|47|40|324|19|11|3|0
Total|31193|8019|3112|2095|1324|933|761|636|433|295

### 2024 36
Districts|AD (NonCholera)|Malaria|ILI|B.Diarrhea|SARI|ALRI <5 Years|Typhoid|Dog Bite|TB|AVH (A&E)
Abbottabad|745|25|36|4|16|0|44|4|23|0
Bajaur|1199|313|41|132|302|59|6|47|14|36
Bannu|870|1634|2|27|21|7|89|3|36|12
Battagram|171|3|327|0|0|0|0|0|0|0
Buner|354|387|0|0|29|0|6|5|4|0
Charsadda|761|292|492|19|59|0|52|1|3|17
Chitral Lower|501|23|44|34|8|31|11|13|5|1
Chitral Upper|207|6|7|9|9|14|21|1|1|0
D.I. Khan|1273|340|0|18|3|0|2|12|55|0
Dir Lower|1653|310|7|124|111|0|48|74|15|33
Dir Upper|1109|15|92|11|12|0|6|0|16|2
Hangu|94|159|0|12|31|0|0|0|3|0
Haripur|976|26|180|19|22|1|20|2|16|57
Karak|349|328|67|26|13|73|6|11|11|0
Khyber|479|395|18|138|20|15|60|29|9|7
Kohistan Lower|107|12|0|8|0|60|1|0|0|0
Kohistan Upper|504|17|0|25|5|0|8|0|18|6
Kolai Palas|83|12|4|7|1|14|1|0|2|0
L & C Kurram|61|51|59|22|0|2|3|2|0|0
Lakki Marwat|724|252|0|19|10|0|12|21|12|0
Malakand|1118|33|0|260|27|9|23|0|0|45
Mansehra|760|5|349|6|18|61|21|0|6|0
Mardan|604|51|0|6|198|0|0|3|9|0
Mohmand|173|372|118|24|4|129|10|10|0|8
North Waziristan|7|9|0|8|3|0|4|0|0|3
Nowshera|2118|206|3|44|10|5|14|11|5|8
Orakzai|8|10|4|0|0|0|1|8|0|0
Peshawar|3446|64|668|144|43|52|49|9|30|23
SD Peshawar|10|0|0|0|0|0|0|0|0|0
SD Tank|32|67|2|2|0|0|2|1|1|0
Shangla|1479|1870|0|15|20|21|23|37|94|5
SWA|134|134|165|19|6|69|24|6|4|0
Swabi|1789|104|474|26|56|105|56|178|28|56
Swat|2523|80|214|257|87|21|41|76|17|23
Tank|312|189|78|2|9|0|41|0|9|0
Tor Ghar|123|150|0|42|0|19|10|2|0|2
Upper Kurram|174|37|266|36|26|245|26|17|3|0
Total|27030|7981|3717|1545|1179|1012|741|583|449|344

Note: Kohat is not present as a row in this week's Table 4.

### 2024 37
Districts|AD (NonCholera)|Malaria|ILI|B.Diarrhea|SARI|ALRI <5 Years|Typhoid|Dog Bite|TB|AVH (A&E)
Abbottabad|623|22|35|15|0|6|37|5|11|1
Bajaur|1384|307|44|406|66|119|4|33|26|53
Bannu|663|1411|5|26|2|50|100|2|28|22
Battagram|183|171|459|0|0|0|0|0|0|0
Buner|327|300|0|0|0|1|7|6|1|0
Charsadda|835|280|547|65|0|25|48|6|3|21
Chitral Lower|485|30|59|18|50|34|9|14|5|1
Chitral Upper|200|4|9|13|13|5|12|2|2|0
D.I. Khan|1277|682|0|7|0|24|0|14|47|0
Dir Lower|1658|292|3|111|0|112|43|64|6|15
Dir Upper|1038|19|69|22|0|0|17|0|14|3
Hangu|82|202|0|12|0|2|0|0|8|0
Haripur|1102|31|226|57|1|11|29|2|13|47
Karak|372|302|122|10|221|26|13|3|7|0
Khyber|316|344|37|50|34|107|43|22|9|4
Kohistan Lower|111|19|2|1|3|8|1|0|0|0
Kohistan Upper|418|11|0|6|0|29|19|0|0|0
Kolai Palas|84|8|12|3|13|6|5|0|1|0
L & C Kurram|45|40|89|0|1|17|5|1|0|0
Lakki Marwat|755|395|0|8|0|16|5|21|4|0
Malakand|731|13|0|20|0|76|20|0|0|40
Mansehra|628|4|246|23|120|2|22|0|8|0
Mardan|697|78|200|137|0|9|5|39|7|1
Mohmand|182|312|126|2|156|57|13|23|3|9
North Waziristan|16|15|0|0|0|3|4|18|0|2
Nowshera|1743|216|53|7|8|22|9|6|8|19
Orakzai|4|3|9|0|0|0|0|0|0|0
Peshawar|3557|104|876|39|56|129|58|3|25|24
SD Peshawar|3|0|0|0|0|0|0|0|0|0
SD Tank|27|64|2|0|0|5|1|1|1|0
Shangla|1462|1445|0|17|0|25|30|54|125|5
SWA|84|106|181|40|48|15|30|4|1|0
Swabi|1538|114|526|41|93|14|46|183|37|71
Swat|2127|75|182|74|33|23|42|57|10|63
Tank|366|274|34|0|0|4|24|0|12|0
Tor Ghar|107|113|0|0|12|25|6|4|0|1
Upper Kurram|174|33|323|29|260|47|31|9|2|0
Total|25404|7839|4476|1259|1190|1054|738|596|424|402

Note: Kohat is not present as a row in this week's Table 4.

### 2024 38
Districts|AD (NonCholera)|Malaria|ILI|B.Diarrhea|SARI|ALRI <5 Years|Typhoid|Dog Bite|TB|AVH (A&E)
Abbottabad|697|26|53|10|0|20|59|2|17|1
Bajaur|860|334|39|103|52|336|7|51|11|54
Bannu|875|1871|6|39|0|37|100|4|37|16
Battagram|177|132|450|0|115|0|0|6|0|0
Buner|341|283|0|0|0|3|5|18|1|0
Charsadda|908|389|607|35|0|49|55|2|1|25
Chitral Lower|375|20|132|19|26|9|11|18|2|0
Chitral Upper|163|2|11|9|7|1|15|0|2|3
D.I. Khan|1211|725|0|19|0|5|0|27|48|0
Dir Lower|1504|267|2|133|0|108|41|27|17|5
Dir Upper|864|19|79|2|0|19|5|0|19|0
Hangu|98|178|0|28|0|11|0|0|2|0
Haripur|950|55|196|18|5|58|22|3|27|40
Karak|353|364|90|16|145|10|21|9|5|0
Khyber|472|342|5|130|54|40|47|18|9|12
Kohat|118|11|0|11|0|0|10|0|0|0
Kohistan Lower|124|17|0|9|4|0|1|1|2|0
Kohistan Upper|460|7|25|17|0|3|3|0|15|0
Kolai Palas|73|1|10|1|3|1|1|0|2|1
L & C Kurram|44|37|77|8|1|0|2|0|0|0
Lakki Marwat|769|431|1|22|0|9|17|38|3|0
Malakand|838|43|0|196|4|22|28|0|2|20
Mansehra|521|5|252|0|4|21|44|0|3|0
Mardan|301|55|0|6|0|34|0|0|5|0
Mohmand|129|425|144|62|161|1|11|15|4|2
North Waziristan|11|26|1|19|18|1|5|0|0|3
Nowshera|1617|320|46|37|14|2|7|14|10|25
Orakzai|18|43|23|4|0|0|0|1|0|0
Peshawar|3293|79|908|112|83|37|52|7|16|34
SD Peshawar|3|0|0|0|0|0|0|0|0|0
SD Tank|19|37|3|4|0|0|1|0|0|0
Shangla|1416|959|0|14|0|18|34|33|105|3
SWA|91|112|176|9|82|26|26|5|4|4
Swabi|1573|110|555|17|87|78|34|194|63|52
Swat|1713|76|217|32|28|92|48|67|20|84
Tank|343|336|62|4|0|23|49|1|14|0
Tor Ghar|121|154|0|37|0|0|11|2|0|0
Upper Kurram|134|28|302|34|257|22|28|12|2|0
Total|23577|8319|4472|1216|1150|1096|800|575|468|384

### 2024 39
Districts|AD (NonCholera)|Malaria|ILI|B.Diarrhea|SARI|ALRI <5 Years|Typhoid|Dog Bite|TB|AVH (A&E)
Abbottabad|644|2|48|25|8|0|49|3|11|0
Bajaur|1461|411|46|419|130|47|6|50|13|6
Bannu|846|1834|7|27|28|11|98|8|33|12
Battagram|236|134|554|0|0|0|0|0|0|0
Buner|262|376|0|12|0|0|6|19|1|0
Charsadda|848|405|501|65|27|0|60|0|3|0
Chitral Lower|299|24|73|14|44|33|9|5|5|0
Chitral Upper|177|5|9|7|3|2|14|2|0|0
D.I. Khan|1112|878|0|5|24|0|0|23|42|1
Dir Lower|1528|346|4|110|119|0|42|36|12|3
Dir Upper|871|12|81|15|6|0|8|0|11|0
Hangu|101|114|0|0|11|0|0|0|3|61
Haripur|953|61|131|65|13|3|17|1|70|28
Karak|393|351|61|12|25|66|14|9|7|0
Khyber|450|399|43|10|124|35|51|29|11|2
Kohat|81|17|2|0|6|0|2|0|0|0
Kohistan Lower|101|8|7|0|12|7|0|0|0|28
Kohistan Upper|309|13|0|5|16|0|3|1|17|0
Kolai Palas|108|4|16|3|5|4|3|0|2|0
L & C Kurram|40|15|81|0|12|2|2|1|2|0
Lakki Marwat|731|444|1|12|20|0|17|38|4|3
Malakand|892|60|0|41|29|14|24|0|4|1
Mansehra|584|6|302|22|7|47|22|0|5|58
Mardan|768|60|0|113|11|0|0|19|7|16
Mohmand|134|496|149|3|58|181|8|16|4|0
North Waziristan|37|32|0|44|7|22|13|0|0|0
Nowshera|1565|336|11|5|42|6|18|10|8|28
Orakzai|24|12|10|0|7|0|0|0|0|0
Peshawar|3210|95|928|58|149|75|81|2|11|72
SD Peshawar|10|0|0|0|0|0|0|0|0|0
SD Tank|22|46|2|0|5|0|1|0|0|0
Shangla|1158|1007|2|18|15|0|39|24|11|21
SWA|83|55|68|5|6|23|11|0|0|0
Swabi|1347|82|708|95|16|81|52|55|39|11
Swat|1699|86|226|61|12|0|47|79|7|0
Tank|420|494|102|29|10|0|78|0|12|0
Tor Ghar|73|115|6|0|35|14|1|0|1|0
Upper Kurram|111|26|248|18|27|201|16|17|3|0
Total|23688|8861|4427|1318|1069|874|812|447|359|351

### 2024 40
Districts|AD (NonCholera)|Malaria|ILI|B.Diarrhea|SARI|ALRI <5 Years|Typhoid|Dog Bite|TB|AVH (A&E)
Abbottabad|542|24|62|0|11|7|40|0|5|11
Bajaur|1074|322|74|42|312|117|5|27|38|17
Bannu|774|1510|18|18|21|33|104|5|2|28
Buner|247|345|0|0|0|0|10|0|11|3
Charsadda|727|322|413|0|48|22|48|4|4|0
Chitral Lower|320|25|61|30|13|30|10|2|12|9
Chitral Upper|146|0|12|13|15|8|11|0|2|2
D.I. Khan|1132|879|0|0|7|14|0|10|23|47
Dir Lower|1263|309|7|0|123|116|56|2|16|11
Dir Upper|777|10|115|0|12|2|8|2|0|18
Hangu|126|72|0|0|28|13|0|69|0|0
Haripur|669|34|280|5|21|10|14|20|4|16
Karak|340|306|93|204|19|26|13|5|13|13
Khyber|296|259|34|32|27|83|36|22|20|8
Kohistan Lower|95|7|2|2|3|15|0|54|0|0
Kohistan Upper|345|7|0|0|62|10|2|0|1|16
Kolai Palas|71|5|17|0|3|2|1|3|0|0
L & C Kurram|47|8|60|2|1|18|1|0|0|1
Lakki Marwat|722|516|0|0|17|31|13|6|25|6
Malakand|953|41|47|9|38|83|30|1|0|3
Mansehra|454|3|282|102|0|1|4|43|0|0
Mardan|618|83|0|0|68|9|0|34|5|6
Mohmand|128|411|156|177|0|18|6|1|13|3
North Waziristan|0|27|0|6|3|3|1|3|0|0
Nowshera|1425|333|2|9|6|32|9|27|8|10
Orakzai|28|27|10|0|2|4|2|1|15|1
Peshawar|2970|73|834|82|67|93|89|74|5|12
SD Peshawar|5|0|0|0|0|0|0|0|0|0
SD Tank|31|50|6|0|1|5|2|0|1|1
Shangla|912|724|0|16|10|25|37|41|35|87
SWA|78|77|43|16|9|8|8|0|3|0
Swabi|1360|137|673|150|121|8|43|12|122|56
Swat|1253|90|142|0|75|13|1|0|47|16
Tank|380|496|198|0|32|1|76|0|0|5
Tor Ghar|54|68|5|17|0|25|4|1|1|0
Upper Kurram|167|28|263|316|16|23|17|0|19|3
Total|20529|7628|3909|1248|1191|908|701|469|450|409

Note: Battagram and Kohat are not present as rows in this week's Table 4.

### 2024 41
Districts|AD (NonCholera)|Malaria|ILI|B.Diarrhea|SARI|ALRI <5 Years|Typhoid|Dog Bite|TB|AVH (A&E)
Abbottabad|486|1|63|1|20|3|34|3|10|0
Bajaur|1246|354|46|50|431|121|5|49|10|50
Bannu|865|1827|3|62|29|39|115|3|30|23
Buner|229|302|0|0|0|0|7|13|1|0
Charsadda|740|381|567|0|62|32|58|0|2|14
Chitral Lower|255|22|87|16|10|21|11|8|5|1
Chitral Upper|121|4|10|7|2|1|10|0|1|3
D.I. Khan|1146|908|0|0|7|20|3|19|44|0
Dir Lower|1246|380|5|1|101|119|49|30|18|6
Dir Upper|812|8|82|0|12|1|2|0|19|2
Hangu|67|103|0|0|0|12|0|0|0|0
Haripur|700|52|285|4|50|9|17|4|23|37
Karak|430|339|63|334|18|12|6|10|7|0
Khyber|316|328|61|35|38|114|30|15|15|8
Kohat|388|302|75|41|11|21|14|7|2|0
Kohistan Lower|99|7|0|15|0|11|0|0|0|0
Kohistan Upper|337|33|0|0|8|13|1|0|15|0
Kolai Palas|68|5|12|7|4|4|1|0|0|0
L & C Kurram|24|12|81|1|0|11|2|0|0|0
Lakki Marwat|708|706|0|0|16|21|2|35|8|0
Malakand|965|32|50|6|26|54|26|0|3|12
Mansehra|434|8|235|34|7|6|5|0|3|0
Mardan|557|47|0|0|25|11|3|6|8|0
Mohmand|132|417|174|188|10|53|12|11|3|2
North Waziristan|16|15|0|12|7|4|3|11|0|3
Nowshera|1247|318|34|10|4|29|13|6|8|21
Orakzai|10|16|18|0|0|3|1|0|0|0
Peshawar|2736|94|900|113|77|134|105|9|16|27
SD Peshawar|2|2|0|0|0|0|0|0|0|0
SD Tank|19|52|3|0|0|0|0|0|0|0
Shangla|930|886|0|24|27|14|39|45|81|4
SWA|79|96|182|106|18|9|25|11|5|0
Swabi|1282|107|777|108|115|9|45|122|57|30
Swat|1156|118|99|25|89|12|3|46|20|74
Tank|351|532|231|0|12|11|68|23|18|0
Tor Ghar|63|101|7|16|4|11|2|2|2|1
Upper Kurram|165|24|294|121|19|36|30|20|5|0
Total|20427|8939|4444|1337|1259|981|747|508|439|318

Note: Battagram is not present as a row in this week's Table 4.

### 2024 42
Districts|AD (NonCholera)|Malaria|ILI|B.Diarrhea|SARI|ALRI <5 Years|Typhoid|Dog Bite|TB|AVH (A&E)
Abbottabad|449|2|85|0|27|6|57|3|4|7
Bajaur|1215|377|78|67|419|123|8|13|48|17
Bannu|729|1775|3|38|23|44|113|1|1|27
Battagram|19|NR|63|NR|NR|NR|NR|NR|NR|NR
Buner|182|287|0|0|8|1|7|0|11|28
Charsadda|753|362|625|0|70|31|25|1|2|1
Chitral Lower|249|22|79|29|10|27|10|3|14|8
Chitral Upper|135|2|13|7|5|4|10|0|4|0
D.I. Khan|1247|707|0|0|9|11|0|0|13|56
Dir Lower|1267|273|6|0|93|139|45|0|20|13
Dir Upper|894|21|99|0|34|0|2|0|0|17
Hangu|79|138|0|0|25|5|0|0|0|2
Haripur|755|40|192|6|8|8|9|4|2|15
Karak|273|272|134|446|17|25|10|1|5|5
Khyber|343|347|42|29|30|106|36|4|24|11
Kohat|432|255|99|48|13|33|14|0|1|6
Kohistan Lower|120|6|0|0|1|12|0|0|0|0
Kohistan Upper|368|73|0|0|5|19|0|0|5|0
Kolai Palas|68|4|12|3|0|1|0|0|0|1
L & C Kurram|20|29|86|1|0|21|5|0|0|0
Lakki Marwat|687|566|0|1|4|26|11|0|59|6
Malakand|750|34|6|9|47|53|19|0|0|2
Mansehra|407|4|317|65|14|4|4|1|0|0
Mardan|501|26|0|0|82|9|0|1|5|6
Mohmand|121|282|155|179|7|41|6|1|14|1
North Waziristan|30|6|0|39|7|13|7|0|0|0
Nowshera|1353|370|48|49|11|31|23|6|11|9
Orakzai|74|22|24|0|0|2|0|0|0|0
Peshawar|2851|76|957|106|102|125|102|14|4|20
SD Peshawar|5|0|0|0|0|0|0|0|0|0
SD Tank|18|53|2|0|0|2|1|0|0|0
Shangla|926|419|1|14|26|10|43|16|53|110
SWA|85|85|208|92|21|13|17|0|6|2
Swabi|1240|107|863|61|138|9|42|4|121|97
Swat|1336|140|73|7|101|147|40|4|87|14
Tank|462|655|231|0|3|3|49|560|1|13
Tor Ghar|39|107|1|7|3|22|0|0|8|1
Upper Kurram|148|24|241|155|17|46|11|0|18|6
Total|20630|7968|4743|1458|1380|1172|726|637|541|501

### 2024 43
Districts|AD (NonCholera)|Malaria|ILI|B.Diarrhea|SARI|ALRI <5 Years|Typhoid|Dog Bite|TB|AVH (A&E)
Abbottabad|437|3|97|24|1|9|41|6|23|1
Bajaur|1112|313|75|366|68|80|4|35|15|60
Bannu|666|1606|3|35|53|32|131|2|23|13
Battagram|28|NR|102|NR|NR|NR|NR|NR|NR|NR
Buner|226|282|0|13|0|0|8|11|5|0
Charsadda|948|407|673|66|0|28|66|5|14|11
Chitral Lower|245|17|70|14|28|20|7|14|6|1
Chitral Upper|130|1|18|11|9|9|5|0|2|1
D.I. Khan|1012|708|0|11|0|16|0|12|57|0
Dir Lower|1273|350|2|56|0|160|49|23|13|5
Dir Upper|766|15|89|27|0|6|1|0|15|3
Hangu|85|68|0|40|0|7|0|0|2|0
Haripur|654|55|387|30|6|11|15|1|28|32
Karak|250|270|91|17|179|9|4|8|4|0
Khyber|409|286|29|31|31|115|43|27|10|15
Kohat|401|264|126|13|21|11|12|0|0|1
Kohistan Lower|121|4|2|4|11|11|8|0|0|0
Kohistan Upper|422|28|15|65|20|19|0|0|0|0
Kolai Palas|82|9|2|1|8|5|2|0|0|0
L & C Kurram|27|37|72|0|0|22|5|1|0|0
Lakki Marwat|623|536|0|18|0|23|9|33|5|0
Malakand|720|25|46|43|17|33|26|0|3|12
Mansehra|378|12|276|10|68|13|9|5|3|1
Mardan|413|56|0|93|0|5|0|9|5|2
Mohmand|134|319|174|7|153|31|8|16|7|0
North Waziristan|59|38|16|54|39|42|7|0|0|3
Nowshera|1266|322|55|5|68|25|13|8|12|28
Orakzai|153|35|23|0|0|0|15|2|1|0
Peshawar|2745|95|1027|85|112|126|94|1|21|4
SD Peshawar|7|1|0|0|0|0|0|0|0|0
SD Tank|27|20|3|0|0|9|0|0|0|0
Shangla|909|641|0|40|0|8|54|69|94|5
SWA|62|74|196|16|118|8|15|4|4|0
Swabi|1002|72|868|358|52|10|32|70|41|33
Swat|1497|107|193|128|0|139|50|78|9|54
Tank|340|677|205|5|0|10|50|3|15|0
Tor Ghar|29|75|0|1|14|15|1|6|0|0
Upper Kurram|208|38|214|27|192|37|9|8|5|0
Total|19866|7866|5149|1714|1268|1104|793|457|442|285

### 2024 44
Districts|AD (NonCholera)|Malaria|ILI|B.Diarrhea|SARI|ALRI <5 Years|Typhoid|Dog Bite|TB|AVH (A&E)
Abbottabad|360|3|75|0|32|3|38|3|20|0
Bajaur|704|220|52|86|66|91|6|31|12|53
Bannu|579|1312|11|10|28|31|81|4|14|9
Battagram|79|57|361|NR|NR|NR|0|16|NR|NR
Buner|97|194|25|0|2|0|2|8|5|0
Charsadda|862|309|566|0|93|29|68|1|3|12
Chitral Lower|216|21|94|27|21|12|10|14|17|3
Chitral Upper|133|1|9|11|7|2|14|1|0|2
D.I. Khan|902|611|0|0|13|18|0|19|32|0
Dir Lower|1205|294|1|0|36|68|46|21|9|28
Dir Upper|738|22|92|0|7|9|5|4|17|6
Hangu|49|48|0|0|0|5|0|0|0|0
Haripur|612|32|306|28|79|6|7|0|12|28
Karak|272|288|82|144|14|13|7|15|4|3
Khyber|238|95|0|28|33|67|27|0|0|1
Kohat|311|166|121|37|3|7|0|6|0|0
Kohistan Lower|94|5|0|0|0|8|0|0|0|0
Kohistan Upper|316|22|25|0|6|5|1|0|0|0
Kolai Palas|56|3|10|9|3|3|2|0|0|0
L & C Kurram|26|39|53|0|0|17|3|0|0|0
Lakki Marwat|690|470|2|0|12|33|8|44|6|0
Malakand|558|28|40|15|49|66|26|0|3|36
Mansehra|239|0|165|44|10|1|9|0|1|0
Mardan|379|20|0|0|44|4|0|10|5|0
Mohmand|120|290|173|158|0|40|3|18|1|0
North Waziristan|51|7|0|7|0|10|4|0|1|0
Nowshera|1202|196|58|15|3|32|7|15|11|7
Orakzai|130|22|18|0|0|3|1|1|1|0
Peshawar|2312|66|970|116|67|118|60|8|23|34
SD Peshawar|4|1|0|0|0|0|0|0|0|0
SD Tank|25|43|3|0|0|4|1|0|0|0
Shangla|836|619|0|15|37|4|50|56|95|1
SWA|64|39|219|66|21|15|14|8|3|0
Swabi|912|99|870|67|144|6|51|111|29|28
Swat|1055|68|152|0|98|23|7|61|10|39
Tank|327|604|205|0|11|3|39|0|16|0
Tor Ghar|31|56|4|4|4|10|0|9|1|6
Upper Kurram|180|28|287|146|22|36|13|8|0|0
Total|16964|6398|5049|1033|965|802|610|492|351|296

### 2024 46
Districts|AD (NonCholera)|Malaria|ILI|B.Diarrhea|SARI|ALRI <5 Years|Typhoid|Dog Bite|TB|AVH (A&E)
Abbottabad|314|15|166|30|43|8|48|4|13|0
Bajaur|874|270|76|76|94|74|2|29|9|85
Bannu|713|1848|47|0|24|29|95|3|25|2
Battagram|63|36|455|NR|NR|1|0|25|NR|NR
Buner|162|173|0|0|0|0|2|5|2|0
Charsadda|941|392|681|7|106|46|84|2|4|31
Chitral Lower|226|8|95|20|17|10|3|11|7|1
Chitral Upper|68|3|0|6|26|0|8|1|2|1
D.I. Khan|1025|709|0|0|9|18|0|14|42|0
Dir Lower|940|327|1|0|93|77|52|43|11|22
Dir Upper|384|4|46|0|4|0|2|3|2|3
Hangu|64|90|0|0|0|4|0|0|1|0
Haripur|546|38|155|14|44|4|6|2|25|21
Karak|293|259|121|414|18|11|2|7|7|2
Khyber|388|240|64|52|28|101|53|18|7|3
Kohat|409|239|119|167|8|16|16|2|3|0
Kohistan Lower|56|4|0|0|0|8|0|1|0|0
Kohistan Upper|324|28|9|0|17|20|5|0|16|0
Kolai Palas|63|2|7|9|5|1|3|0|0|0
L & C Kurram|12|24|59|0|0|18|3|1|0|0
Lakki Marwat|576|491|13|0|29|21|2|43|14|0
Malakand|537|25|61|21|36|47|39|0|0|16
Mansehra|336|2|282|102|65|3|27|0|0|0
Mardan|520|37|0|0|87|6|3|29|7|0
Mohmand|119|299|174|179|8|32|5|12|2|5
North Waziristan|45|22|0|30|3|17|8|0|0|0
Nowshera|1125|168|41|26|3|26|19|13|9|20
Orakzai|71|15|20|0|0|6|13|18|0|0
Peshawar|2228|102|1172|134|93|75|39|21|16|4
SD Tank|9|16|3|0|0|0|0|0|0|0
Shangla|438|208|0|22|13|2|34|23|36|1
SWA|63|41|178|35|28|17|7|4|14|0
Swabi|838|63|825|53|117|2|36|119|6|24
Swat|1314|29|106|0|72|28|9|30|7|16
Tank|424|518|180|27|11|3|25|8|27|0
Tor Ghar|40|55|0|6|1|15|3|9|0|4
Upper Kurram|144|22|280|205|37|21|8|7|2|0
Total|16692|6822|5436|1635|1139|767|661|507|316|261

### 2024 47
Districts|AD (NonCholera)|Malaria|ILI|B.Diarrhea|SARI|ALRI <5 Years|Typhoid|Dog Bite|TB|AVH (A&E)
Abbottabad|780|60|278|111|123|420|6|2|190|1
Bajaur|939|212|96|94|20|0|63|63|16|57
Bannu|619|1837|9|17|17|89|28|4|20|13
Battagram|94|30|513|NR|NR|0|NR|13|42|NR
Buner|207|265|40|0|2|2|0|13|3|0
Charsadda|1022|380|475|5|87|106|59|2|4|21
Chitral Lower|218|11|112|35|16|4|11|10|4|1
Chitral Upper|68|0|2|3|28|10|5|6|2|1
D.I. Khan|1152|671|0|0|4|2|17|19|38|2
Dir Lower|966|380|2|0|105|47|89|77|13|26
Dir Upper|709|7|104|0|18|1|1|0|15|0
Hangu|63|30|0|0|0|0|0|0|2|0
Haripur|480|13|402|14|91|6|8|2|22|26
Karak|291|204|44|482|17|6|20|18|4|3
Khyber|352|142|0|39|19|57|84|0|0|0
Kohat|425|191|180|80|11|5|11|12|0|0
Kohistan Lower|131|4|6|9|4|0|6|0|2|11
Kohistan Upper|383|42|31|0|6|12|20|0|18|0
Kolai Palas|63|3|15|7|7|4|6|0|1|0
L & C Kurram|2|0|0|0|0|0|0|0|0|0
Lakki Marwat|588|410|0|0|32|2|24|50|8|0
Malakand|624|42|0|9|19|30|67|0|0|40
Mansehra|396|4|559|58|29|14|4|65|6|4
Mardan|556|25|0|0|47|2|5|69|6|0
Mohmand|140|314|175|168|5|8|33|9|0|0
North Waziristan|39|26|0|32|0|7|12|0|1|0
Nowshera|998|141|18|2|3|14|16|0|14|19
Orakzai|99|4|14|0|0|5|12|1|0|0
Peshawar|2183|70|1442|196|215|37|66|12|13|8
SD Tank|10|11|3|0|0|0|0|0|0|0
Shangla|622|416|8|29|12|27|4|65|92|3
SWA|51|60|188|25|11|11|11|8|6|0
Swabi|913|37|777|56|80|11|1|117|50|9
Swat|1215|40|118|0|111|14|9|28|3|74
Tank|481|459|142|0|18|24|4|4|24|0
Tor Ghar|37|60|0|18|2|6|19|5|1|4
Upper Kurram|24|0|13|0|0|0|4|0|0|0
Total|17940|6601|5766|1489|1159|983|725|674|620|323

### 2024 48
Districts|AD (NonCholera)|Malaria|ILI|B.Diarrhea|SARI|ALRI <5 Years|Typhoid|Dog Bite|TB|AVH (A&E)
Abbottabad|773|69|317|181|163|6|79|112|179|2
Bajaur|822|192|86|106|44|53|2|46|11|51
Bannu|684|1729|29|3|18|42|90|3|10|2
Battagram|123|39|563|NR|NR|1|0|17|32|NR
Buner|187|169|25|0|0|0|6|13|1|0
Charsadda|820|391|445|19|234|45|75|4|12|8
Chitral Lower|340|15|209|31|19|23|7|10|2|1
Chitral Upper|101|5|15|8|18|5|9|1|1|0
D.I. Khan|1111|610|0|0|13|13|0|17|46|0
Dir Lower|941|285|2|0|104|98|52|41|16|27
Dir Upper|449|5|80|0|12|1|4|5|12|175
Hangu|37|1|0|0|5|0|0|0|10|0
Haripur|517|11|285|20|51|3|3|1|11|20
Karak|297|188|81|266|12|0|3|15|9|1
Khyber|374|185|90|38|26|105|56|23|8|3
Kohat|335|160|115|74|3|28|11|4|2|0
Kohistan Lower|60|1|0|0|0|3|2|1|0|0
Kohistan Upper|307|16|3|2|23|10|3|1|0|0
Kolai Palas|63|0|3|8|7|2|2|0|0|0
L & C Kurram|5|12|2|0|0|4|0|2|0|0
Lakki Marwat|621|506|0|0|38|21|4|23|9|0
Malakand|501|26|75|31|41|45|28|0|3|18
Mansehra|308|0|357|101|14|0|1|0|0|0
Mardan|514|33|0|0|101|9|0|13|6|0
Mohmand|110|253|174|128|8|25|5|8|0|1
North Waziristan|6|29|0|0|1|0|2|0|1|0
Nowshera|918|91|40|6|1|10|5|7|8|16
Orakzai|4|5|12|0|0|7|0|9|0|0
Peshawar|2174|63|1353|261|88|69|40|4|11|13
SD Tank|5|7|2|0|0|1|0|0|0|0
Shangla|439|248|0|21|16|4|29|13|44|0
SWA|41|33|203|37|4|5|16|4|5|0
Swabi|709|57|782|48|177|5|39|110|58|24
Swat|1099|31|98|59|134|20|4|28|9|85
Tank|364|518|173|0|16|3|35|0|15|0
Tor Ghar|46|61|0|37|3|19|4|20|0|4
Upper Kurram|119|8|274|206|17|24|5|13|3|0
Total|16332|6052|5893|1691|1411|709|621|568|534|451

### 2024 49
Districts|AD (NonCholera)|Malaria|ILI|B.Diarrhea|SARI|ALRI <5 Years|Typhoid|Dog Bite|TB|AVH (A&E)
Abbottabad|671|322|95|204|272|477|6|82|230|3
Bajaur|365|9|210|28|63|0|56|48|12|28
Bannu|598|7|1649|14|5|105|27|2|23|0
Battagram|170|771|29|NR|2|0|NR|13|42|NR
Buner|143|30|192|0|0|4|0|11|1|0
Charsadda|1521|1000|448|500|7|96|163|33|17|45
Chitral Lower|355|177|9|16|27|6|19|10|5|0
Chitral Upper|97|16|1|2|12|4|4|0|1|1
D.I. Khan|1172|0|615|12|0|0|14|18|47|0
Dir Lower|913|2|198|92|0|47|86|99|11|25
Dir Upper|613|137|9|24|2|2|4|8|10|3
Hangu|69|93|78|0|0|3|0|0|2|0
Haripur|413|160|2|58|45|9|1|0|25|15
Karak|301|106|153|21|192|3|17|11|6|2
Khyber|379|116|146|34|24|23|97|18|7|2
Kohat|410|128|145|7|108|7|25|15|0|0
Kohistan Lower|94|13|4|8|0|0|2|0|0|0
Kohistan Upper|387|12|16|26|0|0|14|0|0|0
Kolai Palas|87|10|3|5|8|4|7|0|1|0
L & C Kurram|2|6|0|0|0|0|6|0|0|0
Lakki Marwat|553|10|449|34|0|4|20|18|7|0
Malakand|382|0|27|38|14|3|41|0|3|7
Mansehra|362|349|5|8|231|0|1|0|2|0
Mardan|621|0|10|74|0|16|8|66|7|0
Mohmand|103|179|274|10|140|6|29|11|1|3
North Waziristan|25|15|22|2|17|6|0|1|1|0
Nowshera|783|67|99|6|12|30|16|6|13|15
Orakzai|16|15|2|0|0|0|8|3|0|0
Peshawar|2389|1386|42|106|227|47|63|1|11|2
SD Tank|9|3|8|0|0|0|1|0|0|0
Shangla|567|1|326|36|26|39|5|46|50|3
SWA|41|181|40|10|42|11|2|7|6|0
South Waziristan (Lower)|11|28|0|0|0|2|1|0|0|0
Swabi|678|1009|54|185|62|29|4|90|31|29
Swat|1261|211|20|154|0|44|79|56|7|71
Tank|407|182|301|19|0|28|4|0|13|0
Tor Ghar|43|0|45|4|37|6|16|10|2|3
Upper Kurram|107|256|8|19|155|5|24|9|1|0
Total|17118|7007|5734|1756|1730|1066|870|692|595|257

### 2024 50
Districts|AD (NonCholera)|Malaria|ILI|B.Diarrhea|SARI|ALRI <5 Years|Typhoid|Dog Bite|TB|AVH (A&E)
Abbottabad|475|288|0|166|135|353|11|66|178|1
Bajaur|357|8|171|29|70|5|81|39|13|16
Bannu|462|6|1220|19|22|89|21|6|32|25
Battagram|169|607|29|NR|NR|0|4|4|45|NR
Buner|150|20|170|0|0|5|0|0|0|1
Charsadda|1343|1265|470|804|78|65|145|7|24|15
Chitral Lower|325|193|7|15|20|3|11|3|3|0
Chitral Upper|90|14|0|28|12|8|2|0|1|0
D.I. Khan|1200|0|607|19|0|4|20|11|44|26
Dir Lower|941|3|272|104|0|42|102|58|15|15
Dir Upper|603|121|6|28|4|7|0|16|20|3
Hangu|123|288|126|0|30|3|2|4|2|0
Haripur|384|134|27|68|26|10|7|0|13|3
Karak|292|98|137|23|203|4|15|10|3|3
Khyber|283|89|116|10|38|30|71|16|7|1
Kohat|362|76|89|15|1|4|12|11|0|0
Kohistan Lower|106|0|4|0|0|0|2|0|0|0
Kohistan Upper|302|0|11|39|0|2|10|2|22|2
Kolai Palas|96|16|0|3|0|1|2|0|1|0
L & C Kurram|11|0|0|0|0|0|3|0|0|0
Lakki Marwat|609|15|456|45|0|2|27|24|10|0
Malakand|579|71|34|58|24|13|69|0|2|4
Mansehra|392|314|0|9|197|25|2|0|0|0
Mardan|569|0|8|112|0|21|17|68|9|10
Mohmand|111|195|222|6|180|3|28|7|0|2
North Waziristan|0|0|15|0|0|0|0|0|0|0
Nowshera|720|49|71|0|12|14|9|10|6|3
Orakzai|29|18|8|0|0|1|2|39|0|0
Peshawar|2078|1405|41|134|221|57|63|11|13|38
SD Tank|9|0|10|0|0|0|3|0|0|1
Shangla|554|0|179|632|26|36|3|56|46|15
SWA|13|3|11|2|17|1|2|0|0|0
South Waziristan (Lower)|33|166|17|8|29|15|2|11|5|0
Swabi|646|862|50|176|86|2|3|116|34|19
Swat|1149|88|46|175|5|2|8|66|20|8
Tank|293|0|219|0|0|2|7|0|0|1
Tor Ghar|110|0|32|5|36|0|14|33|1|1
Upper Kurram|116|309|8|28|200|8|28|11|2|0
Total|16084|6721|4889|2760|1672|837|808|705|571|212

### 2024 51
Districts|AD (NonCholera)|Malaria|ILI|B.Diarrhea|SARI|ALRI <5 Years|Typhoid|Dog Bite|TB|AVH (A&E)
Abbottabad|467|277|28|122|43|6|75|58|52|0
Bajaur|286|19|94|32|91|65|53|2|11|43
Bannu|516|54|1034|17|0|18|4|100|31|1
Battagram|121|561|35|9|10|0|9|0|41|1
Buner|80|30|90|0|0|0|0|3|2|0
Charsadda|1080|1324|444|149|3|97|5|18|28|9
Chitral Lower|331|254|7|31|35|15|5|7|9|0
Chitral Upper|73|15|1|16|9|1|0|11|1|0
D.I. Khan|1325|0|489|19|0|20|13|2|45|0
Dir Lower|898|9|176|125|0|82|34|34|13|12
Dir Upper|429|141|5|22|6|22|3|2|9|0
Hangu|80|121|186|10|7|0|4|1|3|0
Haripur|486|363|0|136|30|4|0|11|3|15
Karak|316|31|110|29|36|22|9|1|5|2
Khyber|277|74|84|34|34|98|22|29|6|4
Kohat|339|65|56|6|53|8|10|1|0|0
Kohistan Lower|93|0|1|1|0|3|1|0|0|0
Kohistan Upper|204|17|9|4|0|11|0|0|0|0
Kolai Palas|5|0|0|1|0|0|0|0|0|0
L & C Kurram|8|0|1|0|8|0|0|0|0|0
Lakki Marwat|470|34|318|28|0|19|15|0|4|0
Malakand|465|7|13|76|17|66|0|11|2|66
Mansehra|348|211|0|3|89|6|0|1|1|0
Mardan|434|0|2|64|15|2|58|12|5|0
Mohmand|94|207|160|16|190|17|17|6|1|0
North Waziristan|0|0|15|3|0|0|0|2|1|0
Nowshera|704|90|39|6|16|11|12|24|9|14
Orakzai|26|13|5|0|0|4|3|0|1|0
Peshawar|1807|1537|29|88|251|65|8|58|18|17
SD Tank|5|2|7|0|0|0|0|0|0|0
Shangla|626|0|284|384|42|5|88|7|65|2
SWA|7|7|14|3|20|0|0|0|0|0
South Waziristan (Lower)|21|201|15|9|48|2|8|13|6|0
Swabi|611|807|50|93|72|3|103|43|36|19
Swat|793|236|19|194|0|12|31|1|16|58
Tank|438|171|465|16|0|6|0|5|14|0
Tor Ghar|42|0|24|33|39|13|29|2|0|145
Upper Kurram|101|355|7|34|233|25|11|6|4|0
Total|14407|7233|4316|1813|1397|728|630|471|442|408

### 2024 52
Districts|AD (NonCholera)|Malaria|ILI|B.Diarrhea|SARI|ALRI <5 Years|Typhoid|Dog Bite|TB|AVH (A&E)
Abbottabad|401|162|0|112|36|48|7|44|12|0
Bajaur|314|86|144|36|78|70|111|0|9|14
Bannu|644|6|1309|14|6|3|6|97|26|1
Battagram|125|615|30|12|0|2|1|3|42|1
Buner|101|25|122|0|0|9|0|5|2|0
Charsadda|895|1752|392|687|6|12|188|49|12|0
Chitral Lower|233|247|7|30|33|11|43|2|6|5
Chitral Upper|86|25|4|10|3|0|3|11|0|0
D.I. Khan|1229|0|328|11|0|13|20|3|43|2
Dir Lower|884|2|171|135|0|32|108|34|13|1
Dir Upper|537|135|6|14|6|7|0|3|17|8
Hangu|108|274|220|4|16|8|4|1|2|25
Haripur|383|158|1|86|15|0|1|8|1|0
Karak|250|102|59|27|55|13|14|1|2|76
Khyber|341|100|130|38|27|30|74|76|8|46
Kohat|312|97|44|15|35|21|17|3|0|0
Kohistan Lower|67|0|0|0|0|1|5|0|0|0
Kohistan Upper|190|5|6|9|0|0|8|0|0|0
Kolai Palas|51|9|1|2|0|0|4|0|1|0
L & C Kurram|2|16|4|2|3|0|9|1|0|0
Lakki Marwat|416|25|228|28|0|23|19|4|7|2
Malakand|358|158|9|69|28|0|43|11|2|23
Mansehra|342|319|1|40|216|0|2|17|2|0
Mardan|524|0|11|62|0|62|12|12|10|0
Mohmand|106|182|159|15|202|19|23|4|3|94
North Waziristan|7|47|27|17|21|0|4|6|1|6
Nowshera|593|90|26|16|11|14|8|17|5|4
Orakzai|30|9|3|0|0|1|8|0|1|0
Peshawar|1520|1339|30|171|277|3|58|59|24|0
SD Tank|6|2|9|0|0|0|2|1|0|0
Shangla|639|1|164|30|0|70|2|15|76|0
SWA|18|4|11|4|23|0|1|0|0|0
South Waziristan (Lower)|11|228|18|10|56|6|2|8|3|0
Swabi|670|848|40|187|67|84|1|26|33|0
Swat|1064|212|23|163|0|38|14|11|6|0
Tank|427|159|429|23|0|329|6|27|15|2
Tor Ghar|16|0|13|4|13|26|10|1|0|14
Upper Kurram|158|385|11|33|230|8|28|6|4|0
Total|14058|7824|4190|2116|1463|963|866|566|388|324

### 2025 1
Districts|AD (NonCholera)|Malaria|ILI|B.Diarrhea|SARI|ALRI <5 Years|Typhoid|Dog Bite|TB|AVH (A&E)
Abbottabad|388|168|0|75|28|5|47|28|8|0
Bajaur|299|126|138|42|141|50|57|2|12|21
Bannu|594|7|1360|18|0|34|3|88|17|0
Battagram|137|642|14|39|0|NR|1|0|42|NR
Buner|135|0|107|0|0|0|13|4|1|0
Charsadda|1148|1589|395|833|41|188|16|44|8|0
Chitral Lower|214|214|5|31|21|10|13|1|1|3
Chitral Upper|61|18|0|5|0|0|1|7|0|0
D.I. Khan|1033|0|245|21|0|21|12|0|47|1
Dir Lower|819|4|129|27|0|52|24|32|9|0
Dir Upper|464|124|4|16|0|0|3|2|20|8
Hangu|72|245|158|21|18|10|3|0|3|6
Haripur|482|385|0|48|5|1|8|11|46|0
Karak|262|16|45|23|50|8|7|2|2|100
Khyber|474|304|480|160|119|156|45|86|28|142
Kohat|255|30|21|7|15|15|13|5|0|2
Kohistan Lower|69|0|0|0|0|5|0|0|1|0
Kohistan Upper|275|0|11|13|0|9|0|0|14|0
Kolai Palas|63|8|1|1|4|5|0|1|1|0
L & C Kurram|3|14|9|0|8|13|0|1|0|0
Lakki Marwat|461|21|145|33|0|13|38|4|5|1
Malakand|349|120|11|55|31|49|0|16|2|32
Mansehra|395|406|1|20|243|2|0|0|4|0
Mardan|526|0|6|72|27|15|66|18|8|0
Mohmand|108|171|108|3|203|19|14|4|0|93
North Waziristan|2|0|6|2|13|1|0|1|0|0
Nowshera|829|55|25|8|13|26|7|7|12|5
Orakzai|20|13|3|0|0|6|18|0|1|0
Peshawar|1712|1201|5|196|285|107|6|57|29|0
SD Tank|9|2|7|0|0|0|0|0|0|0
Shangla|534|0|142|64|0|1|48|4|54|2
South Waziristan (Lower)|17|243|18|8|74|2|4|7|4|0
SWU|10|19|6|0|15|0|0|0|0|0
Swabi|739|1029|48|342|74|6|177|40|45|0
Swat|999|271|29|176|10|13|41|46|14|0
Tank|502|151|417|18|0|3|0|35|17|1
Tor Ghar|37|0|17|3|35|14|32|5|1|12
Upper Kurram|112|317|1|22|272|29|13|3|3|0
Total|14609|7913|4117|2402|1745|888|730|561|459|429

### 2025 2
Districts|AD (NonCholera)|ILI|Malaria|ALRI <5 Years|SARI|B.Diarrhea|Dog Bite|Typhoid|TB|CL
Abbottabad|360|140|0|97|25|7|29|10|12|0
Bajaur|360|10|123|32|93|74|52|2|6|12
Bannu|662|11|1403|23|2|33|3|92|27|0
Battagram|133|578|24|1|1|1|36|NR|NR|NR
Buner|184|0|159|0|0|1|13|1|2|0
Charsadda|1076|1481|385|653|34|209|23|52|10|0
Chitral Lower|166|200|9|24|47|3|9|9|3|11
Chitral Upper|50|4|5|1|1|2|5|7|1|0
D.I. Khan|1105|0|213|19|0|18|14|3|44|1
Dir Lower|877|6|153|130|0|54|26|35|15|2
Dir Upper|427|158|4|21|0|1|15|2|25|7
Hangu|60|180|48|0|0|0|0|0|2|2
Haripur|453|380|0|58|0|0|8|5|53|0
Karak|343|26|58|8|88|15|18|3|1|93
Khyber|453|248|447|108|13|169|56|97|31|90
Kohat|337|75|10|8|33|18|11|2|0|3
Kohistan Lower|58|0|2|0|0|3|1|0|0|0
Kohistan Upper|365|8|14|24|0|19|4|1|0|0
Kolai Palas|62|12|2|5|13|6|0|1|1|0
L & C Kurram|1|17|6|0|12|8|1|1|0|0
Lakki Marwat|498|35|181|54|0|12|42|11|7|1
Malakand|446|168|10|63|36|45|0|18|2|33
Mansehra|464|339|0|14|298|0|0|5|2|0
Mardan|577|0|10|65|0|18|47|18|13|0
Mohmand|99|203|109|7|187|19|15|2|1|78
North Waziristan|0|0|8|10|32|12|0|0|0|0
Nowshera|988|57|24|13|5|23|12|7|11|5
Orakzai|11|16|7|0|0|7|8|0|0|0
Peshawar|1845|865|34|224|188|111|5|57|20|0
SD Tank|9|3|11|0|0|1|0|1|0|0
Shangla|363|3|163|22|5|6|23|15|4|0
South Waziristan (Lower)|26|238|7|6|64|0|5|13|2|0
SWU|9|6|16|3|17|2|0|0|0|14
Swabi|773|798|27|198|41|10|149|23|32|0
Swat|1015|168|26|178|14|21|21|28|7|0
Tank|496|145|93|22|0|13|0|38|15|2
Tor Ghar|112|0|6|6|85|15|25|1|3|17
Upper Kurram|96|330|7|22|209|17|7|4|4|0
Total|15360|6908|3804|2119|1543|972|648|564|392|371

### 2025 3
Districts|AD (NonCholera)|ILI|Malaria|SARI|ALRI < 5 years|B. Diarrhea|Dog Bite|Typhoid|TB|CL
Abbottabad|402|199|0|8|52|6|99|43|10|0
Bajaur|318|76|102|147|35|74|55|2|7|22
Bannu|597|14|1325|5|26|30|2|80|18|0
Battagram|138|584|18|NR|8|1|NR|NR|38|NR
Buner|157|0|210|0|0|0|16|1|2|0
Charsadda|1231|1524|448|438|632|266|4|80|23|1
Chitral Lower|208|245|4|25|13|8|10|2|3|7
Chitral Upper|67|3|2|3|4|1|4|6|0|0
D.I. Khan|1006|0|226|0|23|17|6|3|48|0
Dir Lower|913|1|151|0|131|71|53|20|8|3
Dir Upper|480|155|7|13|127|2|15|4|26|8
Hangu|85|161|28|0|0|7|6|1|0|57
Haripur|465|309|3|10|65|0|19|5|140|0
Karak|279|32|67|97|34|10|7|0|2|106
Khyber|300|98|114|58|46|93|24|65|18|76
Kohat|343|75|33|39|9|13|13|6|0|16
Kohistan Lower|51|0|1|0|1|8|1|0|0|0
Kohistan Upper|157|0|5|0|6|12|4|0|0|0
Kolai Palas|46|0|1|3|0|2|0|1|0|0
L & C Kurram|5|7|4|8|0|12|0|0|0|0
Lakki Marwat|539|28|178|0|47|8|54|3|3|1
Malakand|286|27|2|26|44|18|0|19|0|39
Mansehra|373|310|0|905|35|1|0|0|9|0
Mardan|695|0|7|5|116|20|56|12|6|0
Mohmand|109|191|128|166|2|24|26|5|1|71
North Waziristan|49|94|5|13|111|0|20|63|0|11
Nowshera|860|86|28|9|30|7|39|7|10|2
Orakzai|17|33|6|0|1|1|25|0|0|0
Peshawar|1712|761|34|216|220|107|10|39|19|0
SD Tank|6|2|7|0|0|1|0|0|0|0
Shangla|680|0|118|0|34|5|62|13|56|1
South Waziristan (Lower)|14|226|4|74|7|2|8|10|1|0
SWU|12|13|8|27|2|1|0|0|0|0
Swabi|707|901|48|44|150|4|148|45|43|0
Swat|968|112|5|0|92|16|22|43|7|0
Tank|429|162|105|0|21|5|0|28|12|1
Tor Ghar|49|0|9|15|32|22|35|1|0|1
Upper Kurram|75|361|8|322|37|17|8|3|4|0
Total|14831|6790|3449|2676|2193|892|851|610|514|423

### 2025 4
Districts|AD (NonCholera)|ILI|Malaria|ALRI < 5 years|SARI|B. Diarrhea|Dog Bite|Typhoid|TB|CL
Abbottabad|440|298|0|88|29|10|8|39|10|0
Bajaur|286|149|82|27|130|71|58|1|4|19
Bannu|558|7|1533|19|0|24|2|88|26|1
Battagram|138|573|7|1|30|NR|3|NR|NR|NR
Buner|193|0|211|0|0|0|13|0|2|0
Charsadda|1326|1556|464|701|5|150|6|88|22|0
Chitral Lower|202|202|2|20|29|8|5|1|4|6
Chitral Upper|54|2|2|5|2|0|1|7|1|0
D.I. Khan|1109|0|186|45|0|14|10|2|43|1
Dir Lower|819|1|174|28|0|59|56|26|22|1
Dir Upper|478|270|4|16|3|2|39|1|18|7
Haripur|387|185|0|60|29|0|7|3|40|0
Karak|230|66|92|45|85|18|6|1|1|137
Khyber|421|223|112|154|190|139|43|90|13|74
Kohat|313|77|31|12|39|19|15|4|0|54
Kohistan Lower|46|0|1|0|0|3|0|0|1|0
Kohistan Upper|228|12|10|15|0|12|0|0|0|0
Kolai Palas|51|10|1|4|3|8|0|2|2|0
L & C Kurram|6|6|6|0|0|5|1|0|0|0
Lakki Marwat|585|34|161|30|0|16|55|15|2|1
Malakand|444|82|31|45|31|30|0|12|2|37
Mansehra|431|278|17|13|6|2|0|8|3|0
Mardan|687|0|3|49|0|15|35|14|11|0
Mohmand|106|209|128|10|161|23|12|3|3|57
North Waziristan|24|0|7|1|3|0|1|2|1|1
Nowshera|860|36|16|6|6|10|1|2|14|3
Orakzai|3|23|1|0|0|7|0|0|0|0
Peshawar|1848|1050|26|97|209|122|8|47|22|0
SD Tank|4|3|9|0|0|0|0|0|0|0
Shangla|599|0|66|31|0|5|81|17|61|2
South Waziristan (Lower)|15|238|7|5|63|3|12|10|2|0
SWU|0|0|2|0|0|0|0|0|0|0
Swabi|679|837|43|173|64|2|172|38|44|0
Swat|1066|175|8|112|15|12|57|50|8|0
Tank|394|155|76|16|0|3|0|16|13|0
Tor Ghar|27|0|12|12|75|15|15|4|3|10
Upper Kurram|112|332|5|23|317|21|10|6|4|0
Total|15170|7089|3536|1862|1494|829|729|597|432|414

### 2025 5
Districts|AD (NonCholera)|ILI|Malaria|ALRI < 5 years|SARI|B. Diarrhea|Dog Bite|Typhoid|CL|TB
Abbottabad|376|175|0|54|11|8|92|4|0|14
Bajaur|308|93|111|39|105|74|49|1|20|17
Bannu|537|5|1351|19|6|42|2|74|0|22
Battagram|127|556|13|11|10|4|1|NR|13|43
Buner|168|0|192|1|0|0|13|1|0|0
Charsadda|1296|1495|372|512|5|144|24|106|0|32
Chitral Lower|213|176|3|16|24|6|14|1|11|2
Chitral Upper|40|2|0|3|0|0|3|2|0|0
D.I. Khan|1172|0|183|41|0|24|10|0|2|48
Dir Lower|905|0|209|19|0|69|41|36|1|10
Dir Upper|484|149|2|96|0|2|29|5|5|26
Hangu|154|321|38|3|0|3|8|4|48|9
Haripur|435|355|0|93|34|1|6|0|0|38
Karak|264|54|85|48|120|9|16|3|118|1
Khyber|359|109|21|87|26|94|53|26|63|11
Kohat|337|85|9|4|34|26|23|5|63|0
Kohistan Lower|58|0|1|0|0|1|1|0|0|0
Kohistan Upper|168|7|0|12|0|7|0|0|0|0
Kolai Palas|42|8|1|4|1|7|0|3|0|2
L & C Kurram|15|9|10|1|0|10|0|0|0|1
Lakki Marwat|552|31|157|26|0|5|37|9|2|4
Malakand|293|53|0|14|19|16|21|40|0|7
Mansehra|455|311|0|2|0|0|0|0|0|0
Mardan|635|0|4|80|0|20|62|19|0|14
Mohmand|81|159|108|2|171|15|24|1|95|0
North Waziristan|19|0|23|5|4|3|0|4|1|3
Nowshera|1025|107|23|6|14|32|8|6|1|8
Orakzai|37|21|9|0|0|3|0|0|0|0
Peshawar|2029|942|41|160|158|110|6|99|1|11
SD Tank|13|2|56|0|0|6|2|0|2|0
Shangla|458|0|237|27|0|4|37|19|0|56
South Waziristan (Lower)|18|280|6|8|55|0|9|7|0|3
SWU|0|1|0|1|7|0|0|0|0|0
Swabi|854|806|35|152|102|3|176|32|0|27
Swat|1056|158|7|137|4|32|25|9|0|7
Tank|427|114|84|19|0|1|0|25|0|15
Tor Ghar|38|0|13|41|25|20|29|2|10|0
Upper Kurram|122|287|8|17|186|21|5|3|0|1
Total|15571|6871|3412|1760|1121|822|805|527|496|432

### 2025 6
Districts|AD (noncholera)|ILI|Malaria|ALRI < 5 years|SARI|Dog Bite|B. Diarrhea|Typhoid|CL|Measles
Abbottabad|378|94|0|85|5|67|2|36|0|2
Bajaur|241|106|85|26|126|50|70|0|16|25
Bannu|548|11|1252|24|0|2|31|66|9|40
Battagram|147|567|8|7|11|7|2|NR|5|8
Buner|140|0|179|0|0|13|0|17|0|1
Charsadda|1300|1769|503|746|141|25|251|68|1|24
Chitral Lower|252|182|0|17|19|9|7|0|7|0
Chitral Upper|38|12|0|7|3|0|2|9|0|0
D.I. Khan|1042|0|128|38|0|10|23|0|0|61
Dir Lower|796|1|187|18|0|64|51|9|1|18
Dir Upper|478|102|2|80|0|17|1|2|0|12
Hangu|117|410|125|0|0|5|1|3|78|0
Haripur|485|299|0|92|24|18|1|1|0|5
Karak|161|104|63|46|122|49|14|9|63|8
Khyber|362|93|82|84|203|76|135|83|68|9
Kohat|259|43|19|3|29|20|8|0|63|2
Kohistan Lower|63|0|0|0|0|0|3|0|0|0
Kohistan Upper|192|0|3|5|0|1|13|0|0|1
Kolai Palas|37|5|0|2|7|0|3|1|0|0
L & C Kurram|11|4|7|0|0|0|5|0|0|0
Lakki Marwat|488|28|99|24|0|29|9|11|1|0
Malakand|331|38|1|34|14|0|25|26|32|0
Mansehra|375|217|0|0|16|0|0|3|0|0
Mardan|580|0|3|61|0|61|5|19|0|0
Mohmand|105|203|95|2|182|20|11|2|79|9
North Waziristan|31|5|8|2|27|0|3|0|3|12
Nowshera|971|75|21|151|12|7|26|15|1|6
Orakzai|44|29|8|18|144|20|3|2|0|5
Peshawar|1822|750|39|145|52|2|71|54|1|69
SD Tank|24|2|49|0|0|1|3|0|6|2
Shangla|554|5|163|26|1|66|3|20|0|5
South Waziristan (Lower)|18|252|12|12|65|31|3|11|0|3
SWU|16|19|4|0|4|1|0|0|0|0
Swabi|715|742|37|123|86|221|5|20|0|18
Swat|1020|153|5|125|20|14|20|13|0|9
Tank|445|121|66|23|0|4|5|19|0|3
Tor Ghar|37|0|17|29|18|39|12|1|8|3
Upper Kurram|114|310|4|15|166|6|19|5|0|0
Total|14739|6751|3274|2070|1497|955|846|525|442|360

### 2025 7
Districts|AD (noncholera)|ILI|Malaria|ALRI < 5 years|SARI|Dog Bite|B. Diarrhea|Typhoid|TB|Measles
Abbottabad|712|88|0|52|2|66|9|7|9|3
Bajaur|310|97|111|28|129|49|78|14|21|24
Bannu|727|7|1275|24|3|0|18|76|22|41
Battagram|161|598|8|1|12|1|43|3|NR|NR
Buner|149|0|210|0|0|15|0|5|0|1
Charsadda|1600|1715|320|643|12|2|157|87|18|22
Chitral Lower|239|147|5|29|35|13|18|0|0|0
Chitral Upper|56|8|2|6|4|0|1|5|2|0
D.I. Khan|1171|0|127|42|0|7|20|0|40|69
Dir Lower|784|0|164|16|0|54|54|33|9|16
Dir Upper|337|121|5|2|0|49|1|0|20|1
Hangu|109|303|81|0|0|3|5|4|2|0
Haripur|520|465|0|62|10|18|13|7|0|2
Karak|252|116|63|68|95|13|14|3|5|20
Khyber|427|91|52|92|18|54|84|111|19|4
Kohat|396|64|29|4|22|28|21|3|0|0
Kohistan Lower|7|0|0|0|0|0|1|0|0|0
Kohistan Upper|80|0|5|0|0|1|6|0|0|3
Kolai Palas|41|7|2|6|6|0|6|1|1|1
L & C Kurram|14|7|10|0|0|0|11|1|0|0
Lakki Marwat|587|30|122|11|1|43|11|10|8|4
Malakand|140|12|6|15|21|0|22|4|0|1
Mansehra|497|260|0|1|10|0|2|4|2|0
Mardan|84|0|0|0|0|1|0|0|0|0
Mohmand|113|181|153|8|172|16|20|6|3|5
North Waziristan|38|0|28|8|17|0|3|5|5|17
Nowshera|1097|58|21|131|12|78|29|29|19|8
Orakzai|63|20|11|0|0|9|3|5|0|5
Peshawar|2597|804|37|139|106|8|72|60|28|33
SD Tank|21|2|18|1|1|0|7|0|0|0
Shangla|669|2|114|26|0|75|3|36|47|2
South Waziristan (Lower)|16|133|12|5|47|8|3|6|1|1
SWU|27|36|7|0|16|0|1|1|0|0
Swabi|867|933|38|160|76|221|8|45|39|22
Swat|1222|168|4|160|0|29|27|26|13|8
Tank|560|115|79|28|0|0|3|23|7|3
Tor Ghar|45|0|10|25|13|19|15|6|2|2
Upper Kurram|121|341|7|12|127|5|33|2|2|0
Total|16856|6929|3136|1804|956|896|780|625|387|321

### 2025 8
Districts|AD (noncholera)|ILI|Malaria|ALRI < 5 years|SARI|Dog Bite|B. Diarrhea|Typhoid|Measles|TB
Abbottabad|601|40|0|30|3|55|13|14|18|7
Bajaur|336|72|127|28|104|48|73|8|23|11
Bannu|756|7|1345|16|4|1|30|80|49|21
Battagram|185|533|5|4|0|8|5|0|3|46
Buner|142|0|191|0|0|0|0|0|1|0
Charsadda|1567|1736|331|688|30|4|51|73|38|16
Chitral Lower|219|202|7|22|19|10|9|2|1|5
Chitral Upper|59|10|3|5|7|1|1|8|0|2
D.I. Khan|1192|0|103|37|0|7|18|1|78|33
Dir Lower|773|0|266|17|0|54|64|10|14|7
Dir Upper|538|78|1|30|4|7|0|3|6|25
Hangu|61|139|37|0|0|0|3|1|0|0
Haripur|513|328|0|90|30|21|0|2|3|0
Karak|234|63|54|48|92|40|16|1|17|5
Khyber|720|102|83|593|328|63|93|118|12|45
Kohat|344|58|7|3|12|14|23|6|2|0
Kohistan Lower|79|0|1|0|0|0|2|0|5|0
Kohistan Upper|250|0|5|21|1|0|21|0|0|21
Kolai Palas|52|10|2|4|10|0|6|5|0|1
L & C Kurram|10|5|0|0|0|1|9|1|0|0
Lakki Marwat|599|21|105|6|0|39|4|6|3|11
Malakand|493|15|5|32|22|0|44|40|17|2
Mansehra|555|329|0|4|2|0|4|7|0|3
Mardan|731|0|7|80|15|64|8|21|19|2
Mohmand|136|164|135|2|147|12|17|6|16|3
North Waziristan|41|0|22|3|11|0|4|10|15|6
Nowshera|961|38|46|127|10|78|11|19|10|22
Orakzai|70|22|6|0|0|77|3|4|10|0
Peshawar|2703|580|31|140|41|11|62|44|69|15
SD Tank|17|3|13|0|0|0|4|0|0|0
Shangla|173|0|204|9|0|42|5|18|6|4
South Waziristan (Lower)|13|13|4|0|82|0|0|1|0|0
SWU|27|38|19|0|11|0|0|0|1|0
Swabi|793|732|16|115|82|178|5|27|15|42
Swat|1456|152|0|153|0|24|24|46|8|7
Tank|593|121|95|28|0|3|0|20|2|5
Tor Ghar|35|0|12|23|18|1|15|5|2|3
Upper Kurram|134|296|8|12|207|6|39|9|0|4
Total|18163|5907|3296|2370|1292|869|686|616|463|374

### 2025 9
Districts|AD (noncholera)|ILI|Malaria|ALRI < 5 years|SARI|Dog Bite|B. Diarrhea|Typhoid|Measles|TB
Abbottabad|601|40|0|30|3|55|13|14|18|7
Bajaur|336|72|127|28|104|48|73|8|23|11
Bannu|756|7|1345|16|4|1|30|80|49|21
Battagram|185|533|5|4|0|8|5|0|3|46
Buner|142|0|191|0|0|0|0|0|1|0
Charsadda|1567|1736|331|688|30|4|51|73|38|16
Chitral Lower|219|202|7|22|19|10|9|2|1|5
Chitral Upper|59|10|3|5|7|1|1|8|0|2
D.I. Khan|1192|0|103|37|0|7|18|1|78|33
Dir Lower|773|0|266|17|0|54|64|10|14|7
Dir Upper|538|78|1|30|4|7|0|3|6|25
Hangu|61|139|37|0|0|0|3|1|0|0
Haripur|513|328|0|90|30|21|0|2|3|0
Karak|234|63|54|48|92|40|16|1|17|5
Khyber|720|102|83|593|328|63|93|118|12|45
Kohat|344|58|7|3|12|14|23|6|2|0
Kohistan Lower|79|0|1|0|0|0|2|0|5|0
Kohistan Upper|250|0|5|21|1|0|21|0|0|21
Kolai Palas|52|10|2|4|10|0|6|5|0|1
L & C Kurram|10|5|0|0|0|1|9|1|0|0
Lakki Marwat|599|21|105|6|0|39|4|6|3|11
Malakand|493|15|5|32|22|0|44|40|17|2
Mansehra|555|329|0|4|2|0|4|7|0|3
Mardan|731|0|7|80|15|64|8|21|19|2
Mohmand|136|164|135|2|147|12|17|6|16|3
North Waziristan|41|0|22|3|11|0|4|10|15|6
Nowshera|961|38|46|127|10|78|11|19|10|22
Orakzai|70|22|6|0|0|77|3|4|10|0
Peshawar|2703|580|31|140|41|11|62|44|69|15
SD Tank|17|3|13|0|0|0|4|0|0|0
Shangla|173|0|204|9|0|42|5|18|6|4
South Waziristan (Lower)|13|13|4|0|82|0|0|1|0|0
SWU|27|38|19|0|11|0|0|0|1|0
Swabi|793|732|16|115|82|178|5|27|15|42
Swat|1456|152|0|153|0|24|24|46|8|7
Tank|593|121|95|28|0|3|0|20|2|5
Tor Ghar|35|0|12|23|18|1|15|5|2|3
Upper Kurram|134|296|8|12|207|6|39|9|0|4
Total|18163|5907|3296|2370|1292|869|686|616|463|374

### 2025 11
Districts|AD (NonCholera)|ILI|Malaria|ALRI < 5 years|Dog Bite|B. Diarrhea|SARI|CL|Typhoid|Measles
Abbottabad|659|61|0|22|43|7|7|0|38|3
Bajaur|399|82|127|14|69|74|105|16|6|15
Bannu|718|2|1348|13|2|18|14|1|85|68
Battagram|123|441|6|5|9|6|NR|4|7|14
Buner|218|0|255|1|9|0|0|0|1|0
Charsadda|1716|1441|374|606|12|137|2|0|46|47
Chitral Lower|308|122|3|15|17|10|21|5|0|2
Chitral Upper|57|6|2|2|3|3|0|1|4|0
D.I. Khan|1315|0|139|26|29|12|0|1|2|92
Dir Lower|893|0|122|14|58|55|0|1|33|17
Dir Upper|707|59|2|92|20|3|8|0|7|11
Hangu|168|307|124|21|10|3|0|48|3|0
Haripur|564|288|0|84|31|0|35|0|7|3
Karak|298|82|41|74|38|18|10|277|0|29
Khyber|864|29|102|177|71|166|55|141|92|20
Kohat|458|0|14|4|26|18|0|17|4|3
Kohistan Lower|56|0|1|0|0|4|0|0|0|4
Kohistan Upper|162|9|8|7|0|31|3|0|0|15
Kolai Palas|42|12|1|4|0|4|1|0|3|0
L & C Kurram|10|4|0|0|1|13|0|0|0|0
Lakki Marwat|681|8|125|7|30|10|0|0|6|11
Mansehra|561|336|0|3|0|1|14|0|3|0
Mardan|362|166|10|289|71|16|0|38|44|19
Mohmand|127|206|135|3|19|23|156|75|3|11
North Waziristan|27|0|15|6|1|25|9|0|5|24
Nowshera|1334|45|29|93|9|21|20|1|19|6
Orakzai|109|24|7|0|6|8|0|0|0|0
Peshawar|2791|357|17|80|29|71|29|0|46|49
SD Peshawar|17|NR|NR|NR|NR|3|NR|NR|NR|NR
SD Tank|27|0|12|0|0|2|0|0|0|0
Shangla|586|0|129|12|51|2|0|0|20|10
South Waziristan (Lower)|15|14|3|1|0|1|2|0|1|0
SWU|22|57|20|1|0|0|24|0|0|0
Swabi|825|626|47|79|259|11|53|0|33|21
Swat|1610|188|7|149|12|43|0|0|10|4
Tank|739|142|63|29|6|3|0|0|26|4
Tor Ghar|74|0|12|14|24|23|20|7|4|5
Upper Kurram|126|211|6|11|11|31|143|0|3|0
Total|19768|5325|3306|1958|976|876|731|633|561|507

### 2025 12
Districts|AD (NonCholeraA)|ILI|Malaria|ALRI < 5 years|Dog Bite|B. Diarrhea|SARI|CL|Typhoid|Measles
Abbottabad|660|128|0|40|74|7|0|7|3|16
Bajaur|412|96|154|38|71|76|29|4|24|13
Bannu|729|5|1148|24|3|18|1|64|49|23
Battagram|122|467|8|8|12|6|5|2|7|36
Buner|194|0|230|0|7|0|0|2|0|0
Charsadda|1710|1554|335|639|23|19|0|43|29|15
Chitral Lower|317|123|3|19|11|18|10|0|1|3
Chitral Upper|83|12|2|8|2|3|0|8|1|1
D.I. Khan|1472|0|124|36|14|0|1|0|98|44
Dir Lower|1074|0|103|16|61|0|2|30|15|1
Dir Upper|634|87|3|21|16|5|0|5|5|20
Hangu|194|322|46|3|10|0|45|1|0|2
Haripur|608|314|0|75|11|28|0|5|7|0
Karak|310|46|44|50|57|32|421|1|5|11
Khyber|568|44|73|381|88|37|114|97|21|63
Kohat|349|3|13|4|14|4|35|6|1|0
Kohistan Lower|63|0|4|2|0|0|0|0|5|0
Kohistan Upper|196|0|3|4|2|0|0|2|9|16
Kolai Palas|72|10|0|3|0|1|0|6|1|3
L & C Kurram|3|2|0|0|0|0|0|0|0|0
Lakki Marwat|803|21|105|6|37|0|0|9|6|9
Malakand|494|91|6|32|0|11|33|37|13|4
Mansehra|654|433|0|3|0|0|0|19|0|0
Mardan|1121|392|19|264|69|0|14|21|7|7
Mohmand|114|193|157|0|22|172|73|1|4|12
North Waziristan|20|0|37|8|0|0|0|6|14|2
Nowshera|1360|54|19|130|7|15|6|17|13|12
Orakzai|101|18|9|0|8|0|0|0|0|0
Peshawar|2983|496|13|49|20|103|1|37|64|12
SD Tank|25|2|12|0|0|0|0|0|0|0
Shangla|527|0|136|6|55|0|0|17|10|63
South Waziristan (Lower)|15|22|5|3|0|4|0|3|0|0
SWU|2|16|1|0|0|0|0|0|0|0
Swabi|900|618|39|75|139|55|0|52|18|35
Swat|1520|176|7|141|13|0|0|18|12|6
Tank|792|153|36|25|4|0|0|20|3|5
Tor Ghar|84|2|17|15|26|25|9|3|4|5
Upper Kurram|74|198|3|5|12|181|0|8|0|4
Total|21362|6098|2914|2133|888|820|799|551|449|443

### 2025 13
Districts|AD (NonCholeraI)|ILI|Malaria|ALRI < 5 years|Dog Bite|B. Diarrhea|SARI|CL|Typhoid|Measles
Abbottabad|509|98|0|16|0|1|23|0|28|16
Bajaur|328|83|90|20|85|39|72|19|8|5
Bannu|605|2|1074|16|0|31|4|0|64|21
Battagram|112|339|9|NR|NR|4|7|7|NR|32
Buner|143|0|186|0|0|0|0|0|2|0
Charsadda|1760|1477|313|343|6|82|1|1|9|7
Chitral Lower|381|56|4|7|5|20|16|7|1|2
Chitral Upper|56|6|2|8|3|3|1|0|5|0
D.I. Khan|1505|0|112|31|0|188|22|2|0|41
Dir Lower|985|0|80|7|0|67|66|1|35|1
Dir Upper|558|37|3|19|6|0|0|10|2|21
Hangu|5|NR|NR|NR|NR|NR|NR|NR|NR|NR
Haripur|530|4|0|30|0|0|14|0|0|0
Karak|317|38|40|34|16|20|65|243|8|22
Khyber|273|54|12|10|2|46|25|17|8|7
Kohat|513|0|23|0|0|22|21|8|2|0
Kohistan Lower|61|0|0|0|0|6|2|0|0|0
Kohistan Upper|271|1|15|6|10|23|1|0|3|19
Kolai Palas|55|11|0|1|0|5|0|0|3|0
L & C Kurram|7|0|0|0|0|6|0|0|0|0
Lakki Marwat|892|6|112|7|0|22|40|0|5|6
Mansehra|539|326|1|0|94|2|0|0|5|0
Mardan|348|156|4|247|45|4|53|9|3|1
Mohmand|61|150|103|0|132|2|21|40|3|0
North Waziristan|32|0|37|0|0|30|1|2|5|2
Nowshera|1545|17|27|34|30|5|48|5|11|10
Orakzai|88|23|4|0|0|4|2|0|0|0
Peshawar|3375|341|18|35|29|64|8|0|30|3
SD Tank|22|0|13|0|0|5|0|0|0|0
Shangla|57|0|62|5|0|0|12|0|11|2
South Waziristan (Lower)|12|9|6|0|0|1|0|0|4|0
SWU|8|39|2|4|11|0|0|0|0|0
Swabi|977|597|36|73|56|20|80|0|47|61
Swat|1312|147|12|126|45|42|27|0|38|11
Tank|702|149|60|28|0|3|7|0|24|6
Tor Ghar|56|2|18|8|92|34|37|2|0|2
Upper Kurram|98|229|7|8|271|24|16|0|4|4
Total|19100|4397|2485|1123|938|825|692|373|368|302

### 2025 14
Districts|AD (noncholera)|ILI|Malaria|ALRI < 5 years|SARI|Dog Bite|B. Diarrhea|CL|Measles|Typhoid
Abbottabad|483|96|0|19|5|31|3|0|1|14
Bajaur|254|91|83|22|66|61|60|26|17|4
Bannu|577|5|812|10|8|2|15|1|66|39
Battagram|127|229|6|8|NR|5|2|4|7|2
Buner|155|0|115|1|0|11|0|0|0|0
Charsadda|1317|629|139|257|5|4|83|0|18|24
Chitral Lower|451|99|3|10|17|13|14|4|1|1
Chitral Upper|85|12|3|6|5|0|3|1|1|7
D.I. Khan|1365|0|73|21|0|12|14|0|72|0
Dir Lower|1011|0|79|9|0|62|65|0|8|14
Dir Upper|426|51|3|9|10|0|0|11|6|9
Hangu|136|115|39|5|0|8|0|43|0|5
Haripur|667|273|0|67|20|12|0|0|5|3
Karak|443|34|40|62|16|48|21|316|16|7
Khyber|461|36|42|134|126|27|119|31|26|11
Kohat|346|0|8|0|0|31|19|5|1|0
Kohistan Lower|46|0|0|0|0|1|16|0|0|0
Kohistan Upper|241|0|8|3|7|2|21|0|7|2
Kolai Palas|38|4|0|0|0|0|2|0|0|1
L & C Kurram|8|1|11|0|0|2|7|0|0|0
Lakki Marwat|535|2|53|0|0|40|16|0|4|6
Malakand|456|89|3|7|1|0|39|25|6|31
Mansehra|423|209|0|0|4|0|0|0|0|0
Mardan|273|63|0|138|0|60|3|5|3|5
Mohmand|171|110|80|6|95|16|17|45|5|2
North Waziristan|24|0|31|4|0|2|2|2|8|8
Nowshera|1444|21|19|1|11|21|13|2|3|11
Orakzai|53|18|4|0|0|1|11|0|2|0
Peshawar|1925|198|6|57|32|2|43|0|57|31
SD Tank|19|1|12|0|0|0|5|0|0|8
Shangla|200|0|143|6|1|18|0|0|2|3
South Waziristan (Lower)|15|120|4|1|34|6|0|0|1|5
SWU|5|2|2|0|2|0|0|0|0|0
Swabi|900|385|49|45|43|154|21|0|15|34
Swat|1449|116|6|129|21|27|25|0|6|14
Tank|518|132|48|21|0|3|3|0|2|18
Tor Ghar|70|0|6|2|27|3|12|0|1|2
Upper Kurram|102|175|8|4|158|16|22|0|0|2
Total|17222|3316|1938|1064|714|701|696|521|367|315

### 2025 15
Districts|AD (noncholera)|ILI|Malaria|ALRI < 5 years|B. Diarrhea|Dog Bite|CL|SARI|Typhoid|Measles
Abbottabad|912|135|0|21|14|10|0|0|33|6
Bajaur|566|98|177|20|87|58|39|124|7|19
Bannu|826|2|1290|15|29|2|0|9|81|84
Battagram|212|460|17|15|9|12|5|NR|10|8
Buner|286|0|295|0|0|13|0|0|0|0
Charsadda|2517|1079|282|621|183|4|1|7|69|32
Chitral Lower|583|176|8|17|17|19|10|6|3|1
Chitral Upper|134|12|2|14|7|0|1|4|10|0
D.I. Khan|2469|0|125|32|26|31|1|0|0|95
Dir Lower|1693|0|174|9|68|60|1|0|45|15
Dir Upper|846|108|3|27|0|14|10|18|5|6
Hangu|273|275|59|5|NR|8|50|NR|5|NR
Haripur|1249|211|0|75|0|14|0|0|1|1
Karak|469|65|39|44|25|44|333|54|1|42
Khyber|602|40|82|54|120|43|46|22|22|3
Kohat|768|2|25|3|47|36|41|10|5|2
Kohistan Lower|69|0|1|0|8|0|0|2|0|0
Kohistan Upper|295|0|3|5|32|2|1|4|2|3
Kolai Palas|42|8|0|1|5|0|0|0|8|2
L & C Kurram|6|2|0|0|10|0|0|0|0|0
Lakki Marwat|943|2|110|1|21|65|0|0|12|10
Malakand|854|75|3|8|36|0|35|2|20|6
Mansehra|669|314|0|1|1|0|0|0|26|0
Mardan|885|157|1|264|22|60|15|0|13|5
Mohmand|223|182|144|2|19|10|91|144|6|7
North Waziristan|114|0|40|7|21|0|1|0|13|11
Nowshera|2697|20|35|27|28|20|1|10|18|5
Orakzai|121|25|5|0|13|2|0|0|0|0
Peshawar|5283|445|32|41|150|9|0|40|57|55
SD Tank|18|0|18|0|6|1|0|0|0|0
Shangla|834|1|209|8|2|92|0|2|8|4
South Waziristan (Lower)|11|17|7|1|4|0|0|0|4|0
SWU|35|26|6|1|0|0|0|8|0|0
Swabi|1787|655|53|64|27|252|0|60|52|14
Swat|2319|164|14|122|47|28|0|6|24|14
Tank|498|121|66|17|2|7|0|0|16|3
Tor Ghar|80|4|10|6|24|27|7|17|3|4
Upper Kurram|151|190|18|5|32|17|0|128|6|0
Total|32339|5071|3354|1553|1142|960|689|677|585|457

### 2025 16
Districts|AD (noncholera)|ILI|Malaria|B. Diarrhea|ALRI < 5 years|Dog Bite|SARI|Typhoid|CL|TB
Abbottabad|1062|78|0|5|22|13|0|41|0|6
Bajaur|615|93|163|82|10|71|101|7|29|14
Bannu|871|0|1475|34|10|1|4|77|0|14
Battagram|193|437|11|2|13|16|NR|NR|5|49
Buner|299|0|208|0|0|13|0|1|0|1
Charsadda|3620|1411|341|251|455|0|9|70|4|14
Chitral Lower|507|128|6|22|19|16|17|3|5|9
Chitral Upper|139|15|3|3|14|4|4|10|0|1
D.I. Khan|2284|0|132|28|21|29|0|6|2|34
Dir Lower|1824|0|174|89|12|121|0|58|1|135
Dir Upper|925|60|14|0|7|13|0|3|0|18
Hangu|233|150|60|10|26|4|0|5|45|7
Haripur|1411|198|0|0|62|23|0|5|0|3
Karak|462|42|98|27|48|51|8|7|368|7
Khyber|943|115|128|421|103|35|18|68|49|31
Kohat|680|2|31|45|3|29|6|10|13|0
Kohistan Lower|136|0|0|10|3|1|0|0|0|0
Kohistan Upper|218|0|1|16|14|1|3|10|0|1
Kolai Palas|65|12|0|9|2|0|0|0|0|0
L & C Kurram|11|4|0|5|0|0|0|0|0|0
Lakki Marwat|1011|7|140|9|1|58|0|14|0|8
Malakand|313|148|0|52|98|12|129|20|23|2
Mansehra|972|290|0|9|2|0|11|27|0|0
Mardan|1566|63|30|67|304|74|0|12|19|1
Mohmand|226|150|127|19|0|24|165|4|91|2
North Waziristan|130|0|49|20|4|0|0|6|2|1
Nowshera|2150|85|80|44|7|53|18|39|6|10
Orakzai|148|22|7|12|0|4|0|0|0|0
Peshawar|6000|336|26|145|69|12|60|71|0|21
SD Tank|39|0|33|5|0|1|0|0|5|0
Shangla|892|0|255|3|7|104|0|11|0|63
South Waziristan (Lower)|9|122|17|1|5|8|31|4|0|9
SWU|35|31|13|1|0|0|25|0|0|0
Swabi|1972|450|54|18|37|159|180|54|0|27
Swat|2616|178|9|40|110|25|0|24|0|10
Tank|850|116|61|2|19|8|0|12|0|2
Tor Ghar|81|1|20|29|1|42|25|1|0|0
Upper Kurram|191|255|11|36|9|16|172|10|0|4
Total|35699|4999|3777|1571|1517|1041|986|690|667|504

### 2025 17
Districts|AD (noncholera)|ILI|Malaria|ALRI < 5 years|B. Diarrhea|Dog Bite|SARI|Typhoid|CL|Measles
Abbottabad|1232|41|0|22|15|49|3|53|0|2
Bajaur|571|81|141|26|97|52|96|1|32|26
Bannu|901|3|1436|13|14|0|0|84|0|74
Battagram|209|609|19|8|3|25|6|3|3|10
Buner|289|0|167|0|0|15|0|5|0|0
Charsadda|3214|1393|262|416|189|15|36|103|1|32
Chitral Lower|549|147|12|21|14|13|8|3|14|5
Chitral Upper|122|17|2|12|5|2|5|12|4|0
D.I. Khan|2035|0|135|17|32|30|0|6|1|103
Dir Lower|1886|0|146|9|102|123|0|35|1|11
Dir Upper|889|93|13|13|4|13|3|4|0|4
Hangu|240|221|109|3|8|7|NR|3|43|NR
Haripur|1281|202|0|40|0|27|4|7|0|4
Karak|433|52|116|16|17|27|20|2|327|27
Khyber|827|35|149|22|153|44|8|41|57|24
Kohat|837|0|52|0|55|28|0|9|9|0
Kohistan Lower|103|0|0|0|5|0|0|0|0|5
Kohistan Upper|299|0|8|4|24|3|0|0|0|3
Kolai Palas|67|10|0|2|5|0|0|1|0|0
L & C Kurram|6|3|0|0|4|0|0|0|0|0
Lakki Marwat|875|7|148|1|10|63|0|18|0|11
Malakand|1075|0|13|0|0|0|0|0|0|0
Mansehra|1110|454|1|4|2|105|1|27|0|5
Mardan|930|69|46|139|9|71|0|6|0|5
Mohmand|237|131|140|0|24|14|158|7|77|10
North Waziristan|100|0|60|4|30|2|31|6|7|13
Nowshera|2891|41|46|28|53|14|11|27|5|6
Orakzai|147|26|7|0|12|4|0|0|0|0
Peshawar|6823|353|82|323|227|8|49|93|1|57
SD Tank|20|0|12|0|2|1|0|0|0|0
Shangla|586|0|275|4|6|57|0|14|0|3
South Waziristan (Lower)|41|171|34|25|12|16|29|9|0|6
SWU|23|18|0|0|0|0|0|0|0|0
Swabi|1821|453|50|38|24|116|209|87|0|19
Swat|2842|186|9|105|36|29|10|39|0|3
Tank|792|110|62|13|1|7|0|1|0|5
Tor Ghar|83|0|32|7|36|33|21|6|4|1
Upper Kurram|239|219|10|9|26|18|143|6|0|0
Total|36625|5145|3794|1344|1256|1031|851|718|586|474
